Date,Open,High,Low,Close,Volume,Dividends,Stock Splits
2021-08-27 00:00:00+07:00,6052.8271484375,6066.4912109375,6021.9541015625,6041.3662109375,156989800,0.0,0.0
2021-08-30 00:00:00+07:00,6062.11279296875,6144.90185546875,6062.11279296875,6144.90185546875,159300800,0.0,0.0
2021-08-31 00:00:00+07:00,6148.76806640625,6158.06982421875,6117.5029296875,6150.298828125,189133300,0.0,0.0
2021-09-01 00:00:00+07:00,6157.82080078125,6169.05615234375,6089.23291015625,6090.93310546875,194563800,0.0,0.0
2021-09-02 00:00:00+07:00,6092.65087890625,6110.0498046875,6054.28076171875,6078.22900390625,179403300,0.0,0.0
2021-09-03 00:00:00+07:00,6085.6279296875,6126.9208984375,6056.18603515625,6126.9208984375,171489500,0.0,0.0
2021-09-06 00:00:00+07:00,6137.1259765625,6150.35791015625,6100.93115234375,6126.93798828125,173887900,0.0,0.0
2021-09-07 00:00:00+07:00,6135.8701171875,6145.48876953125,6100.94384765625,6112.39990234375,180693200,0.0,0.0
2021-09-08 00:00:00+07:00,6114.47705078125,6123.755859375,6001.5791015625,6026.02001953125,196394300,0.0,0.0
2021-09-09 00:00:00+07:00,6024.31689453125,6072.64306640625,5982.76611328125,6068.21923828125,214651900,0.0,0.0
2021-09-10 00:00:00+07:00,6059.15478515625,6102.8310546875,6047.60888671875,6094.873046875,192886100,0.0,0.0
2021-09-13 00:00:00+07:00,6080.06201171875,6094.98779296875,6052.97021484375,6088.1572265625,158870000,0.0,0.0
2021-09-14 00:00:00+07:00,6100.62890625,6130.86279296875,6099.158203125,6129.09521484375,201683300,0.0,0.0
2021-09-15 00:00:00+07:00,6123.91015625,6125.333984375,6100.00390625,6110.22900390625,188698800,0.0,0.0
2021-09-16 00:00:00+07:00,6126.55517578125,6137.6689453125,6098.876953125,6109.94189453125,218872800,0.0,0.0
2021-09-17 00:00:00+07:00,6098.8779296875,6133.24609375,6086.083984375,6133.24609375,224719500,0.0,0.0
2021-09-20 00:00:00+07:00,6132.0341796875,6133.1708984375,6053.93212890625,6076.31494140625,176619400,0.0,0.0
2021-09-21 00:00:00+07:00,6049.79296875,6068.79296875,5996.4072265625,6060.7568359375,179600700,0.0,0.0
2021-09-22 00:00:00+07:00,6060.30517578125,6123.7412109375,6059.6279296875,6108.26513671875,184349300,0.0,0.0
2021-09-23 00:00:00+07:00,6117.64306640625,6148.14697265625,6117.576171875,6142.7119140625,213294700,0.0,0.0
2021-09-24 00:00:00+07:00,6142.287109375,6163.8837890625,6119.13720703125,6144.81494140625,196295300,0.0,0.0
2021-09-27 00:00:00+07:00,6141.47021484375,6163.27978515625,6109.666015625,6122.4951171875,206632900,0.0,0.0
2021-09-28 00:00:00+07:00,6128.05810546875,6137.9541015625,6097.72216796875,6113.11181640625,272570100,0.0,0.0
2021-09-29 00:00:00+07:00,6100.826171875,6162.55419921875,6086.26318359375,6162.55419921875,230726900,0.0,0.0
2021-09-30 00:00:00+07:00,6175.416015625,6286.94287109375,6174.18212890625,6286.94287109375,202745700,0.0,0.0
2021-10-01 00:00:00+07:00,6269.23779296875,6272.06494140625,6202.90576171875,6228.84521484375,190252600,0.0,0.0
2021-10-04 00:00:00+07:00,6234.798828125,6342.68603515625,6234.798828125,6342.68603515625,257881700,0.0,0.0
2021-10-05 00:00:00+07:00,6337.326171875,6361.453125,6277.7001953125,6288.048828125,268318400,0.0,0.0
2021-10-06 00:00:00+07:00,6313.65283203125,6441.50390625,6307.10888671875,6417.3232421875,231440600,0.0,0.0
2021-10-07 00:00:00+07:00,6414.912109375,6458.63818359375,6392.72705078125,6416.39599609375,183232100,0.0,0.0
2021-10-08 00:00:00+07:00,6440.0,6497.65576171875,6436.51708984375,6481.76904296875,231302300,0.0,0.0
2021-10-11 00:00:00+07:00,6482.95703125,6506.091796875,6451.67822265625,6459.69677734375,204779900,0.0,0.0
2021-10-12 00:00:00+07:00,6462.31494140625,6504.01318359375,6460.0869140625,6486.26708984375,204607300,0.0,0.0
2021-10-13 00:00:00+07:00,6502.1572265625,6600.51806640625,6492.65576171875,6536.90380859375,193450700,0.0,0.0
2021-10-14 00:00:00+07:00,6552.2109375,6637.39990234375,6552.2109375,6626.11376953125,178191500,0.0,0.0
2021-10-15 00:00:00+07:00,6645.259765625,6680.0087890625,6573.3427734375,6633.337890625,160148800,0.0,0.0
2021-10-18 00:00:00+07:00,6649.28076171875,6684.81884765625,6620.84521484375,6658.76806640625,188565300,0.0,0.0
2021-10-19 00:00:00+07:00,6665.71923828125,6677.59716796875,6613.88916015625,6655.998046875,188504800,0.0,0.0
2021-10-21 00:00:00+07:00,6670.27294921875,6687.1337890625,6602.06591796875,6632.97216796875,215065000,0.0,0.0
2021-10-22 00:00:00+07:00,6620.6591796875,6655.44287109375,6585.55712890625,6643.73779296875,165782200,0.0,0.0
2021-10-25 00:00:00+07:00,6626.3671875,6673.51513671875,6625.69677734375,6625.69677734375,175632400,0.0,0.0
2021-10-26 00:00:00+07:00,6640.0517578125,6680.1171875,6638.02783203125,6656.93701171875,180194900,0.0,0.0
2021-10-27 00:00:00+07:00,6664.373046875,6670.80908203125,6590.5048828125,6602.208984375,182503600,0.0,0.0
2021-10-28 00:00:00+07:00,6578.5830078125,6600.2470703125,6509.8779296875,6524.076171875,189347200,0.0,0.0
2021-10-29 00:00:00+07:00,6561.712890625,6596.76904296875,6551.5390625,6591.34619140625,171512200,0.0,0.0
2021-11-01 00:00:00+07:00,6618.1220703125,6627.85107421875,6552.88916015625,6552.88916015625,182528900,0.0,0.0
2021-11-02 00:00:00+07:00,6557.94482421875,6573.69384765625,6480.009765625,6493.27490234375,165299300,0.0,0.0
2021-11-03 00:00:00+07:00,6497.865234375,6561.81005859375,6485.2509765625,6552.1298828125,171604200,0.0,0.0
2021-11-04 00:00:00+07:00,6588.18896484375,6617.86181640625,6583.169921875,6586.44287109375,155291000,0.0,0.0
2021-11-05 00:00:00+07:00,6600.72216796875,6608.4248046875,6550.1171875,6581.78515625,154117700,0.0,0.0
2021-11-08 00:00:00+07:00,6599.40478515625,6637.01123046875,6592.05517578125,6632.296875,167444200,0.0,0.0
2021-11-09 00:00:00+07:00,6640.22119140625,6669.9248046875,6633.2080078125,6669.9248046875,192392200,0.0,0.0
2021-11-10 00:00:00+07:00,6665.548828125,6683.14501953125,6651.7978515625,6683.14501953125,153422900,0.0,0.0
2021-11-11 00:00:00+07:00,6694.5830078125,6704.4638671875,6671.22705078125,6691.341796875,209193300,0.0,0.0
2021-11-12 00:00:00+07:00,6710.85302734375,6714.158203125,6646.31591796875,6651.05419921875,198646700,0.0,0.0
2021-11-15 00:00:00+07:00,6661.84912109375,6675.59521484375,6610.8232421875,6616.02880859375,203267300,0.0,0.0
2021-11-16 00:00:00+07:00,6598.408203125,6654.51513671875,6592.22802734375,6651.20703125,207039500,0.0,0.0
2021-11-17 00:00:00+07:00,6667.86181640625,6679.30419921875,6650.494140625,6675.80419921875,217158400,0.0,0.0
2021-11-18 00:00:00+07:00,6653.7001953125,6669.7861328125,6621.69287109375,6636.46923828125,248016700,0.0,0.0
2021-11-19 00:00:00+07:00,6651.77880859375,6720.98779296875,6651.77880859375,6720.26318359375,258781800,0.0,0.0
2021-11-22 00:00:00+07:00,6731.51513671875,6754.4638671875,6690.81787109375,6723.38623046875,218097200,0.0,0.0
2021-11-23 00:00:00+07:00,6716.1572265625,6732.89794921875,6662.5380859375,6677.8759765625,186336800,0.0,0.0
2021-11-24 00:00:00+07:00,6697.423828125,6698.4140625,6668.05419921875,6683.27685546875,224587000,0.0,0.0
2021-11-25 00:00:00+07:00,6694.95703125,6751.001953125,6694.796875,6699.34619140625,215655400,0.0,0.0
2021-11-26 00:00:00+07:00,6688.56884765625,6691.7119140625,6544.89599609375,6561.55322265625,242523500,0.0,0.0
2021-11-29 00:00:00+07:00,6552.80322265625,6617.287109375,6487.748046875,6608.2900390625,0,0.0,0.0
2021-11-30 00:00:00+07:00,6605.796875,6647.47705078125,6533.93212890625,6533.93212890625,216798600,0.0,0.0
2021-12-01 00:00:00+07:00,6544.51708984375,6593.07421875,6494.4970703125,6507.6767578125,195068500,0.0,0.0
2021-12-02 00:00:00+07:00,6517.3388671875,6586.89599609375,6484.578125,6583.81982421875,210837500,0.0,0.0
2021-12-03 00:00:00+07:00,6588.01416015625,6600.1650390625,6536.9072265625,6538.505859375,172625500,0.0,0.0
2021-12-06 00:00:00+07:00,6552.81591796875,6585.26318359375,6525.98486328125,6547.1162109375,180052400,0.0,0.0
2021-12-07 00:00:00+07:00,6575.97607421875,6608.6337890625,6573.10986328125,6602.56884765625,212352000,0.0,0.0
2021-12-08 00:00:00+07:00,6618.7548828125,6632.94091796875,6584.96923828125,6603.7978515625,216901600,0.0,0.0
2021-12-09 00:00:00+07:00,6617.1328125,6643.93212890625,6602.876953125,6643.93212890625,240218200,0.0,0.0
2021-12-10 00:00:00+07:00,6618.68603515625,6652.921875,6605.416015625,6652.921875,229170800,0.0,0.0
2021-12-13 00:00:00+07:00,6663.73876953125,6688.37890625,6659.1669921875,6662.87109375,232086300,0.0,0.0
2021-12-14 00:00:00+07:00,6665.3828125,6671.31298828125,6598.69482421875,6615.63720703125,187591100,0.0,0.0
2021-12-15 00:00:00+07:00,6615.72412109375,6662.83984375,6610.4521484375,6626.2568359375,196016500,0.0,0.0
2021-12-16 00:00:00+07:00,6648.2880859375,6661.94482421875,6579.36376953125,6594.7978515625,185929900,0.0,0.0
2021-12-17 00:00:00+07:00,6584.88720703125,6609.044921875,6559.30322265625,6601.93212890625,210214300,0.0,0.0
2021-12-20 00:00:00+07:00,6571.34521484375,6579.12890625,6533.52294921875,6547.11181640625,181341400,0.0,0.0
2021-12-21 00:00:00+07:00,6545.537109375,6579.89208984375,6531.56494140625,6554.30908203125,186470700,0.0,0.0
2021-12-22 00:00:00+07:00,6572.53515625,6592.1669921875,6529.5927734375,6529.5927734375,187213900,0.0,0.0
2021-12-23 00:00:00+07:00,6537.59912109375,6570.287109375,6531.77783203125,6555.55078125,209975800,0.0,0.0
2021-12-24 00:00:00+07:00,6559.0888671875,6583.85986328125,6554.97998046875,6562.89990234375,176357600,0.0,0.0
2021-12-27 00:00:00+07:00,6570.55810546875,6588.42578125,6562.55419921875,6575.44384765625,179010000,0.0,0.0
2021-12-28 00:00:00+07:00,6588.1337890625,6615.94580078125,6586.52001953125,6598.3427734375,191799500,0.0,0.0
2021-12-29 00:00:00+07:00,6603.755859375,6621.5791015625,6585.39599609375,6600.6767578125,200549500,0.0,0.0
2021-12-30 00:00:00+07:00,6609.44287109375,6613.72802734375,6581.48193359375,6581.48193359375,192017600,0.0,0.0
2022-01-03 00:00:00+07:00,6586.259765625,6677.19921875,6586.1328125,6665.30810546875,182552700,0.0,0.0
2022-01-04 00:00:00+07:00,6675.1298828125,6720.6572265625,6675.1298828125,6695.373046875,185900100,0.0,0.0
2022-01-05 00:00:00+07:00,6703.171875,6738.10986328125,6634.8388671875,6662.298828125,179080500,0.0,0.0
2022-01-06 00:00:00+07:00,6674.85205078125,6679.85107421875,6593.22900390625,6653.35107421875,179990500,0.0,0.0
2022-01-07 00:00:00+07:00,6669.51123046875,6712.14697265625,6647.712890625,6701.31591796875,157064700,0.0,0.0
2022-01-10 00:00:00+07:00,6697.3759765625,6725.02392578125,6689.2822265625,6691.1240234375,159382400,0.0,0.0
2022-01-11 00:00:00+07:00,6705.7958984375,6727.76708984375,6636.5009765625,6647.97021484375,181053500,0.0,0.0
2022-01-12 00:00:00+07:00,6662.39501953125,6690.3232421875,6625.7568359375,6647.06494140625,192900600,0.0,0.0
2022-01-13 00:00:00+07:00,6659.97314453125,6667.94091796875,6626.3388671875,6658.35595703125,180765500,0.0,0.0
2022-01-14 00:00:00+07:00,6653.64599609375,6699.4130859375,6631.0458984375,6693.40087890625,140467300,0.0,0.0
2022-01-17 00:00:00+07:00,6711.40576171875,6711.82177734375,6625.86279296875,6645.0478515625,148626000,0.0,0.0
2022-01-18 00:00:00+07:00,6654.958984375,6667.40478515625,6534.27001953125,6614.05908203125,172778900,0.0,0.0
2022-01-19 00:00:00+07:00,6609.83203125,6615.451171875,6575.380859375,6591.98095703125,171354300,0.0,0.0
2022-01-20 00:00:00+07:00,6607.798828125,6637.20703125,6587.76513671875,6626.87109375,158271000,0.0,0.0
2022-01-21 00:00:00+07:00,6626.34814453125,6726.373046875,6607.41796875,6726.373046875,154628300,0.0,0.0
2022-01-24 00:00:00+07:00,6700.82177734375,6712.26220703125,6645.4091796875,6655.166015625,176239200,0.0,0.0
2022-01-25 00:00:00+07:00,6630.8779296875,6632.953125,6523.92919921875,6568.1728515625,213235100,0.0,0.0
2022-01-26 00:00:00+07:00,6569.81787109375,6601.3369140625,6549.52099609375,6600.81884765625,226349800,0.0,0.0
2022-01-27 00:00:00+07:00,6586.85400390625,6627.40576171875,6570.75,6611.1611328125,177817500,0.0,0.0
2022-01-28 00:00:00+07:00,6618.7177734375,6645.51123046875,6603.4912109375,6645.51123046875,192680600,0.0,0.0
2022-01-31 00:00:00+07:00,6656.70703125,6669.9111328125,6626.65576171875,6631.15087890625,182548300,0.0,0.0
2022-02-02 00:00:00+07:00,6657.7919921875,6716.59716796875,6650.30322265625,6707.65185546875,214830000,0.0,0.0
2022-02-03 00:00:00+07:00,6724.39892578125,6730.59814453125,6648.078125,6683.85107421875,202406000,0.0,0.0
2022-02-04 00:00:00+07:00,6697.94287109375,6731.39111328125,6685.40380859375,6731.39111328125,177332600,0.0,0.0
2022-02-07 00:00:00+07:00,6751.34912109375,6806.72998046875,6748.9091796875,6804.93701171875,225856300,0.0,0.0
2022-02-08 00:00:00+07:00,6813.18408203125,6860.75,6780.4169921875,6789.52197265625,255862800,0.0,0.0
2022-02-09 00:00:00+07:00,6811.75390625,6840.39404296875,6796.6328125,6834.60595703125,253458500,0.0,0.0
2022-02-10 00:00:00+07:00,6859.333984375,6874.35107421875,6814.2109375,6823.64208984375,279507200,0.0,0.0
2022-02-11 00:00:00+07:00,6813.60791015625,6825.06201171875,6773.537109375,6815.60693359375,223574800,0.0,0.0
2022-02-14 00:00:00+07:00,6791.31591796875,6796.7119140625,6698.5087890625,6734.48583984375,202907800,0.0,0.0
2022-02-15 00:00:00+07:00,6746.35888671875,6807.4970703125,6727.35888671875,6807.4970703125,210390400,0.0,0.0
2022-02-16 00:00:00+07:00,6821.92578125,6857.64990234375,6821.158203125,6850.1982421875,216253600,0.0,0.0
2022-02-17 00:00:00+07:00,6836.18310546875,6859.7060546875,6790.5908203125,6835.1171875,229539500,0.0,0.0
2022-02-18 00:00:00+07:00,6837.51904296875,6899.41015625,6812.35595703125,6892.81787109375,233754300,0.0,0.0
2022-02-21 00:00:00+07:00,6896.751953125,6927.9091796875,6886.1328125,6902.96484375,231576400,0.0,0.0
2022-02-22 00:00:00+07:00,6879.81884765625,6903.99609375,6823.94482421875,6861.994140625,196218500,0.0,0.0
2022-02-23 00:00:00+07:00,6878.625,6920.05615234375,6873.81396484375,6920.05615234375,204842700,0.0,0.0
2022-02-24 00:00:00+07:00,6912.47705078125,6929.9111328125,6758.86083984375,6817.81982421875,282680700,0.0,0.0
2022-02-25 00:00:00+07:00,6825.37109375,6904.91015625,6822.244140625,6888.1708984375,211896500,0.0,0.0
2022-03-01 00:00:00+07:00,6964.69677734375,6996.93505859375,6915.97607421875,6921.44091796875,196006400,0.0,0.0
2022-03-02 00:00:00+07:00,6956.6181640625,6973.35791015625,6861.958984375,6868.40185546875,325795100,0.0,0.0
2022-03-04 00:00:00+07:00,6921.31591796875,6936.98876953125,6895.73095703125,6928.328125,247492300,0.0,0.0
2022-03-07 00:00:00+07:00,6905.32421875,6917.93310546875,6843.81201171875,6869.06591796875,261271800,0.0,0.0
2022-03-08 00:00:00+07:00,6895.630859375,6929.86279296875,6814.18310546875,6814.18310546875,246218500,0.0,0.0
2022-03-09 00:00:00+07:00,6836.671875,6888.93017578125,6824.0908203125,6864.44091796875,209971800,0.0,0.0
2022-03-10 00:00:00+07:00,6897.1748046875,6924.0078125,6837.72509765625,6924.0078125,194071700,0.0,0.0
2022-03-11 00:00:00+07:00,6872.6318359375,6922.60205078125,6853.85791015625,6922.60205078125,174120300,0.0,0.0
2022-03-14 00:00:00+07:00,6949.2060546875,6969.9931640625,6918.31298828125,6952.2041015625,193318000,0.0,0.0
2022-03-15 00:00:00+07:00,6968.34912109375,6996.32080078125,6894.9208984375,6918.18505859375,189709300,0.0,0.0
2022-03-16 00:00:00+07:00,6951.35205078125,6992.39501953125,6946.8427734375,6992.39501953125,171297500,0.0,0.0
2022-03-17 00:00:00+07:00,7016.5322265625,7032.7021484375,6949.166015625,6964.384765625,197411300,0.0,0.0
2022-03-18 00:00:00+07:00,6981.26220703125,7000.587890625,6926.4140625,6954.96484375,198102900,0.0,0.0
2022-03-21 00:00:00+07:00,6945.89306640625,6974.15380859375,6929.93408203125,6955.18115234375,216686100,0.0,0.0
2022-03-22 00:00:00+07:00,6974.97705078125,7003.259765625,6968.201171875,7000.82177734375,188258200,0.0,0.0
2022-03-23 00:00:00+07:00,7010.8388671875,7022.0439453125,6976.1591796875,6996.115234375,214242900,0.0,0.0
2022-03-24 00:00:00+07:00,6986.18310546875,7049.68505859375,6977.833984375,7049.68505859375,264967400,0.0,0.0
2022-03-25 00:00:00+07:00,7050.55322265625,7055.3408203125,6978.39892578125,7002.5322265625,201857500,0.0,0.0
2022-03-28 00:00:00+07:00,6996.31787109375,7051.541015625,6987.22314453125,7049.60302734375,174012100,0.0,0.0
2022-03-29 00:00:00+07:00,7052.73486328125,7072.77783203125,7007.91015625,7011.68896484375,185204100,0.0,0.0
2022-03-30 00:00:00+07:00,7037.2021484375,7055.8662109375,7022.65185546875,7053.18994140625,194572800,0.0,0.0
2022-03-31 00:00:00+07:00,7070.76123046875,7099.4970703125,7049.81005859375,7071.44189453125,178707400,0.0,0.0
2022-04-01 00:00:00+07:00,7093.69921875,7099.3017578125,7040.4912109375,7078.759765625,157645900,0.0,0.0
2022-04-04 00:00:00+07:00,7082.2470703125,7116.2177734375,7060.2138671875,7116.2177734375,173611100,0.0,0.0
2022-04-05 00:00:00+07:00,7122.9140625,7148.298828125,7110.11083984375,7148.298828125,184230300,0.0,0.0
2022-04-06 00:00:00+07:00,7128.412109375,7147.9921875,7090.22412109375,7104.2158203125,216736400,0.0,0.0
2022-04-07 00:00:00+07:00,7115.0869140625,7145.16796875,7097.90380859375,7127.3671875,204797800,0.0,0.0
2022-04-08 00:00:00+07:00,7157.30908203125,7216.494140625,7151.2587890625,7210.8349609375,207396700,0.0,0.0
2022-04-11 00:00:00+07:00,7212.0029296875,7355.2998046875,7194.60791015625,7203.7939453125,334575500,0.0,0.0
2022-04-12 00:00:00+07:00,7205.0771484375,7320.23681640625,7146.5859375,7214.78076171875,253923400,0.0,0.0
2022-04-13 00:00:00+07:00,7240.18896484375,7266.39892578125,7212.85791015625,7262.77685546875,245926100,0.0,0.0
2022-04-14 00:00:00+07:00,7265.31982421875,7282.90576171875,7234.3330078125,7235.5322265625,238683900,0.0,0.0
2022-04-18 00:00:00+07:00,7245.50390625,7277.0751953125,7243.36083984375,7275.2890625,210765700,0.0,0.0
2022-04-19 00:00:00+07:00,7283.4169921875,7297.39404296875,7199.23193359375,7199.23193359375,214778100,0.0,0.0
2022-04-20 00:00:00+07:00,7226.8720703125,7262.55810546875,7184.96484375,7227.36181640625,266258400,0.0,0.0
2022-04-21 00:00:00+07:00,7249.4970703125,7294.671875,7245.72607421875,7276.19287109375,177135800,0.0,0.0
2022-04-22 00:00:00+07:00,7251.98095703125,7291.47998046875,7174.81005859375,7225.60595703125,249844600,0.0,0.0
2022-04-25 00:00:00+07:00,7204.1611328125,7234.31494140625,7121.85986328125,7215.97900390625,212314600,0.0,0.0
2022-04-26 00:00:00+07:00,7208.9228515625,7247.47509765625,7161.6591796875,7232.15283203125,197362000,0.0,0.0
2022-04-27 00:00:00+07:00,7211.7109375,7226.01904296875,7175.06689453125,7196.76416015625,201981800,0.0,0.0
2022-04-28 00:00:00+07:00,7260.27001953125,7267.11181640625,7204.59912109375,7228.9140625,194334400,0.0,0.0
2022-05-09 00:00:00+07:00,7154.9169921875,7156.48388671875,6896.9990234375,6909.7509765625,212774700,0.0,0.0
2022-05-10 00:00:00+07:00,6747.56298828125,6832.09814453125,6662.61181640625,6819.7939453125,193141700,0.0,0.0
2022-05-11 00:00:00+07:00,6833.19384765625,6902.2158203125,6796.2958984375,6816.203125,0,0.0,0.0
2022-05-12 00:00:00+07:00,6802.328125,6802.328125,6576.30908203125,6599.83984375,194742800,0.0,0.0
2022-05-13 00:00:00+07:00,6586.5771484375,6633.01416015625,6509.87890625,6597.9931640625,177689000,0.0,0.0
2022-05-17 00:00:00+07:00,6603.89306640625,6703.05078125,6574.13623046875,6644.466796875,195947200,0.0,0.0
2022-05-18 00:00:00+07:00,6676.39404296875,6804.9072265625,6648.94091796875,6793.4140625,192322000,0.0,0.0
2022-05-19 00:00:00+07:00,6719.7568359375,6851.7177734375,6620.68408203125,6823.3349609375,234684500,0.0,0.0
2022-05-20 00:00:00+07:00,6839.01611328125,6965.10595703125,6804.9072265625,6918.14404296875,193153300,0.0,0.0
2022-05-23 00:00:00+07:00,6930.93896484375,6972.18017578125,6802.712890625,6840.77490234375,181821900,0.0,0.0
2022-05-24 00:00:00+07:00,6859.22216796875,6941.6669921875,6822.14013671875,6914.14111328125,197751100,0.0,0.0
2022-05-25 00:00:00+07:00,6914.64501953125,6944.48291015625,6858.69580078125,6883.50390625,173878500,0.0,0.0
2022-05-27 00:00:00+07:00,6948.22607421875,7032.82177734375,6938.29296875,7026.255859375,196905500,0.0,0.0
2022-05-30 00:00:00+07:00,7052.1728515625,7069.2509765625,6974.6162109375,7037.56494140625,201457000,0.0,0.0
2022-05-31 00:00:00+07:00,7064.22607421875,7148.97021484375,7033.755859375,7148.97021484375,279640300,0.0,0.0
2022-06-02 00:00:00+07:00,7130.60107421875,7209.0791015625,7117.97900390625,7148.72314453125,227362900,0.0,0.0
2022-06-03 00:00:00+07:00,7176.68212890625,7233.9951171875,7170.69287109375,7182.9609375,240581300,0.0,0.0
2022-06-06 00:00:00+07:00,7163.173828125,7194.5361328125,7056.1748046875,7096.58203125,231204100,0.0,0.0
2022-06-07 00:00:00+07:00,7101.31298828125,7192.54296875,7062.9658203125,7141.044921875,275161800,0.0,0.0
2022-06-08 00:00:00+07:00,7133.4970703125,7220.0849609375,7102.86181640625,7193.31396484375,260589300,0.0,0.0
2022-06-09 00:00:00+07:00,7186.89208984375,7257.9970703125,7174.81982421875,7182.830078125,270045800,0.0,0.0
2022-06-10 00:00:00+07:00,7143.2412109375,7160.1162109375,7051.22314453125,7086.64794921875,244570500,0.0,0.0
2022-06-13 00:00:00+07:00,6992.22998046875,6996.7138671875,6924.9521484375,6995.44189453125,262879000,0.0,0.0
2022-06-14 00:00:00+07:00,6949.64794921875,7049.8818359375,6932.7138671875,7049.8818359375,234982700,0.0,0.0
2022-06-15 00:00:00+07:00,7031.19921875,7086.3818359375,6966.02685546875,7007.0498046875,274136800,0.0,0.0
2022-06-16 00:00:00+07:00,7063.0771484375,7138.49609375,7025.93115234375,7050.326171875,268578900,0.0,0.0
2022-06-17 00:00:00+07:00,6987.751953125,6999.5390625,6882.64404296875,6936.966796875,281566500,0.0,0.0
2022-06-20 00:00:00+07:00,6937.0078125,6976.376953125,6859.59912109375,6976.376953125,270432200,0.0,0.0
2022-06-21 00:00:00+07:00,6976.3359375,7049.9091796875,6967.623046875,7044.07080078125,235393100,0.0,0.0
2022-06-22 00:00:00+07:00,7044.11083984375,7063.2587890625,6968.296875,6984.31103515625,214189700,0.0,0.0
2022-06-23 00:00:00+07:00,6984.31103515625,7010.27294921875,6920.73486328125,6998.26708984375,212119400,0.0,0.0
2022-06-24 00:00:00+07:00,6998.34814453125,7067.7470703125,6997.919921875,7042.93701171875,201464700,0.0,0.0
2022-06-27 00:00:00+07:00,7043.01806640625,7070.51904296875,6973.658203125,7016.05517578125,181378000,0.0,0.0
2022-06-28 00:00:00+07:00,7016.13623046875,7016.9169921875,6960.07177734375,6996.4560546875,172583900,0.0,0.0
2022-06-29 00:00:00+07:00,6996.4560546875,7016.05615234375,6942.35107421875,6942.35107421875,164738900,0.0,0.0
2022-06-30 00:00:00+07:00,6942.35107421875,6990.86181640625,6897.67578125,6911.58203125,164820700,0.0,0.0
2022-07-01 00:00:00+07:00,6911.58203125,6940.97998046875,6777.31689453125,6794.328125,157368000,0.0,0.0
2022-07-04 00:00:00+07:00,6794.3681640625,6796.51904296875,6559.63720703125,6639.171875,172853700,0.0,0.0
2022-07-05 00:00:00+07:00,6639.2119140625,6767.8291015625,6639.2119140625,6703.26611328125,181055000,0.0,0.0
2022-07-06 00:00:00+07:00,6703.26611328125,6709.921875,6602.89697265625,6646.41015625,140628200,0.0,0.0
2022-07-07 00:00:00+07:00,6646.41015625,6682.6669921875,6632.38720703125,6652.5869140625,157996000,0.0,0.0
2022-07-08 00:00:00+07:00,6652.6669921875,6740.21923828125,6652.6669921875,6740.21923828125,157598800,0.0,0.0
2022-07-11 00:00:00+07:00,6740.01904296875,6757.0869140625,6690.6162109375,6722.14501953125,163555700,0.0,0.0
2022-07-12 00:00:00+07:00,6722.18505859375,6745.42578125,6708.17578125,6718.2939453125,184326800,0.0,0.0
2022-07-13 00:00:00+07:00,6718.2939453125,6727.9228515625,6636.048828125,6640.990234375,169282000,0.0,0.0
2022-07-14 00:00:00+07:00,6640.990234375,6700.05322265625,6607.7021484375,6690.0869140625,131271000,0.0,0.0
2022-07-15 00:00:00+07:00,6690.0869140625,6716.9560546875,6645.90283203125,6651.90478515625,145685800,0.0,0.0
2022-07-18 00:00:00+07:00,6652.06494140625,6702.07421875,6611.92578125,6659.2529296875,143740000,0.0,0.0
2022-07-19 00:00:00+07:00,6659.29296875,6740.0751953125,6626.2548828125,6736.091796875,170776400,0.0,0.0
2022-07-20 00:00:00+07:00,6736.171875,6880.7568359375,6736.06396484375,6874.7431640625,182468200,0.0,0.0
2022-07-21 00:00:00+07:00,6874.783203125,6893.3759765625,6809.7158203125,6864.130859375,156437900,0.0,0.0
2022-07-22 00:00:00+07:00,6864.130859375,6901.72021484375,6850.48876953125,6886.9619140625,199589800,0.0,0.0
2022-07-25 00:00:00+07:00,6887.0419921875,6908.19189453125,6858.4072265625,6858.4072265625,210616100,0.0,0.0
2022-07-26 00:00:00+07:00,6858.44677734375,6899.92919921875,6857.80078125,6871.537109375,320241300,0.0,0.0
2022-07-27 00:00:00+07:00,6871.4970703125,6911.89990234375,6861.44677734375,6898.2158203125,276772700,0.0,0.0
2022-07-28 00:00:00+07:00,6898.2958984375,6984.5322265625,6898.2958984375,6956.81689453125,287336500,0.0,0.0
2022-07-29 00:00:00+07:00,6956.89697265625,7032.35302734375,6951.123046875,6951.123046875,292504000,0.0,0.0
2022-08-01 00:00:00+07:00,6951.123046875,7005.29296875,6949.634765625,6968.783203125,238507600,0.0,0.0
2022-08-02 00:00:00+07:00,6968.783203125,6991.39208984375,6902.6298828125,6988.1572265625,216232400,0.0,0.0
2022-08-03 00:00:00+07:00,6988.1572265625,7046.634765625,6971.73583984375,7046.634765625,225842100,0.0,0.0
2022-08-04 00:00:00+07:00,7046.634765625,7075.56005859375,7025.05419921875,7057.34814453125,248154300,0.0,0.0
2022-08-05 00:00:00+07:00,7057.34814453125,7090.76708984375,7045.98193359375,7084.65478515625,173887000,0.0,0.0
2022-08-08 00:00:00+07:00,7084.65478515625,7100.80810546875,7050.82421875,7086.84912109375,219012400,0.0,0.0
2022-08-09 00:00:00+07:00,7086.84912109375,7144.2021484375,7086.84912109375,7102.8798828125,263201500,0.0,0.0
2022-08-10 00:00:00+07:00,7102.8798828125,7104.0341796875,7021.6728515625,7086.23583984375,200438400,0.0,0.0
2022-08-11 00:00:00+07:00,7086.27587890625,7181.10009765625,7086.27587890625,7160.384765625,246280600,0.0,0.0
2022-08-12 00:00:00+07:00,7160.384765625,7164.669921875,7113.5791015625,7129.27685546875,240074700,0.0,0.0
2022-08-15 00:00:00+07:00,7129.27685546875,7156.919921875,7081.30419921875,7093.27587890625,228243500,0.0,0.0
2022-08-16 00:00:00+07:00,7093.27587890625,7147.97021484375,7080.7529296875,7133.453125,231209400,0.0,0.0
2022-08-18 00:00:00+07:00,7133.453125,7186.55810546875,7125.39404296875,7186.55810546875,239294800,0.0,0.0
2022-08-19 00:00:00+07:00,7186.59814453125,7230.11083984375,7172.43408203125,7172.43408203125,232876500,0.0,0.0
2022-08-22 00:00:00+07:00,7172.43408203125,7174.283203125,7064.5009765625,7107.98291015625,204493100,0.0,0.0
2022-08-23 00:00:00+07:00,7107.86279296875,7183.2587890625,7106.8349609375,7163.26513671875,260557700,0.0,0.0
2022-08-24 00:00:00+07:00,7163.30517578125,7204.419921875,7154.64404296875,7194.7060546875,221550000,0.0,0.0
2022-08-25 00:00:00+07:00,7194.7060546875,7210.1630859375,7146.31201171875,7174.2080078125,280881500,0.0,0.0
2022-08-26 00:00:00+07:00,7174.2880859375,7194.0810546875,7135.248046875,7135.248046875,273878800,0.0,0.0
2022-08-29 00:00:00+07:00,7135.087890625,7135.087890625,7015.34716796875,7132.044921875,256806700,0.0,0.0
2022-08-30 00:00:00+07:00,7132.0849609375,7223.1259765625,7131.6162109375,7159.47314453125,308273200,0.0,0.0
2022-08-31 00:00:00+07:00,7159.51318359375,7178.58984375,7073.22216796875,7178.58984375,256857200,0.0,0.0
2022-09-01 00:00:00+07:00,7178.58984375,7197.05615234375,7135.02490234375,7153.10400390625,252393900,0.0,0.0
2022-09-02 00:00:00+07:00,7153.10400390625,7207.615234375,7146.81103515625,7177.17919921875,284827600,0.0,0.0
2022-09-05 00:00:00+07:00,7177.13916015625,7245.40087890625,7147.97607421875,7231.8828125,309176400,0.0,0.0
2022-09-06 00:00:00+07:00,7231.9228515625,7287.7001953125,7230.79296875,7233.15478515625,346421400,0.0,0.0
2022-09-07 00:00:00+07:00,7233.15478515625,7243.52294921875,7166.6259765625,7186.7568359375,328200100,0.0,0.0
2022-09-08 00:00:00+07:00,7186.7568359375,7277.8837890625,7186.56396484375,7232.01708984375,277671500,0.0,0.0
2022-09-09 00:00:00+07:00,7232.05712890625,7270.296875,7206.3720703125,7242.65576171875,273581100,0.0,0.0
2022-09-12 00:00:00+07:00,7242.69580078125,7276.419921875,7218.4638671875,7254.4638671875,300778400,0.0,0.0
2022-09-13 00:00:00+07:00,7254.4638671875,7345.4560546875,7254.416015625,7318.01611328125,285339000,0.0,0.0
2022-09-14 00:00:00+07:00,7317.89599609375,7317.89599609375,7219.31982421875,7278.078125,250200100,0.0,0.0
2022-09-15 00:00:00+07:00,7278.1982421875,7377.4951171875,7278.1982421875,7305.60107421875,274253400,0.0,0.0
2022-09-16 00:00:00+07:00,7305.60107421875,7306.1630859375,7163.0732421875,7168.8701171875,351796400,0.0,0.0
2022-09-19 00:00:00+07:00,7168.9501953125,7231.416015625,7151.615234375,7195.48779296875,252816300,0.0,0.0
2022-09-20 00:00:00+07:00,7195.56787109375,7252.18603515625,7186.24609375,7196.951171875,279749000,0.0,0.0
2022-09-21 00:00:00+07:00,7196.87109375,7204.90185546875,7134.78515625,7188.31396484375,246224300,0.0,0.0
2022-09-22 00:00:00+07:00,7188.19384765625,7225.55078125,7127.45703125,7218.90576171875,282626800,0.0,0.0
2022-09-23 00:00:00+07:00,7219.02587890625,7219.02587890625,7172.533203125,7178.5830078125,205509000,0.0,0.0
2022-09-26 00:00:00+07:00,7178.5029296875,7178.5029296875,7039.2412109375,7127.5029296875,193399700,0.0,0.0
2022-09-27 00:00:00+07:00,7127.5029296875,7133.4111328125,7075.65380859375,7112.44921875,227195500,0.0,0.0
2022-09-28 00:00:00+07:00,7112.4091796875,7156.97998046875,7073.47314453125,7077.03076171875,193422200,0.0,0.0
2022-09-29 00:00:00+07:00,7077.11083984375,7135.5009765625,7023.2109375,7036.1982421875,214141900,0.0,0.0
2022-09-30 00:00:00+07:00,7036.1982421875,7056.169921875,6926.85986328125,7040.7978515625,208540900,0.0,0.0
2022-10-03 00:00:00+07:00,7040.7978515625,7047.6240234375,6995.06201171875,7009.7177734375,179996500,0.0,0.0
2022-10-04 00:00:00+07:00,7009.8369140625,7101.47216796875,7009.8369140625,7072.255859375,216377800,0.0,0.0
2022-10-05 00:00:00+07:00,7072.294921875,7131.8798828125,7070.212890625,7075.384765625,219700600,0.0,0.0
2022-10-06 00:00:00+07:00,7075.384765625,7135.908203125,7066.47119140625,7076.623046875,177554400,0.0,0.0
2022-10-07 00:00:00+07:00,7076.623046875,7081.01806640625,7008.14404296875,7026.783203125,226928900,0.0,0.0
2022-10-10 00:00:00+07:00,7026.6630859375,7026.6630859375,6947.71923828125,6994.39501953125,220135300,0.0,0.0
2022-10-11 00:00:00+07:00,6994.39501953125,7001.96923828125,6937.80908203125,6939.14501953125,237406700,0.0,0.0
2022-10-12 00:00:00+07:00,6939.14501953125,6990.587890625,6870.2822265625,6909.208984375,225826800,0.0,0.0
2022-10-13 00:00:00+07:00,6909.208984375,6933.7080078125,6880.625,6880.625,175237300,0.0,0.0
2022-10-14 00:00:00+07:00,6880.6650390625,6943.85498046875,6814.52978515625,6814.52978515625,188093100,0.0,0.0
2022-10-17 00:00:00+07:00,6814.52978515625,6836.97509765625,6747.3798828125,6831.115234375,217793900,0.0,0.0
2022-10-18 00:00:00+07:00,6831.15478515625,6891.98486328125,6809.98486328125,6834.494140625,204836800,0.0,0.0
2022-10-19 00:00:00+07:00,6834.494140625,6883.9169921875,6806.11376953125,6860.416015625,165404100,0.0,0.0
2022-10-20 00:00:00+07:00,6860.416015625,6986.205078125,6847.06689453125,6980.65185546875,225664700,0.0,0.0
2022-10-21 00:00:00+07:00,6980.69189453125,7058.9111328125,6974.962890625,7017.77099609375,181511700,0.0,0.0
2022-10-24 00:00:00+07:00,7017.81103515625,7092.169921875,7017.4609375,7053.0439453125,203913800,0.0,0.0
2022-10-25 00:00:00+07:00,7053.083984375,7108.81591796875,7032.5419921875,7048.3798828125,223456200,0.0,0.0
2022-10-26 00:00:00+07:00,7048.419921875,7081.8798828125,7017.93505859375,7043.93896484375,187797900,0.0,0.0
2022-10-27 00:00:00+07:00,7043.97900390625,7104.85302734375,7043.97900390625,7091.76123046875,188078500,0.0,0.0
2022-10-28 00:00:00+07:00,7091.76123046875,7100.80810546875,7016.7021484375,7056.0400390625,186703600,0.0,0.0
2022-10-31 00:00:00+07:00,7056.0400390625,7113.11279296875,7051.42919921875,7098.89013671875,192397100,0.0,0.0
2022-11-01 00:00:00+07:00,7098.93017578125,7128.13623046875,7018.5517578125,7052.30322265625,193069500,0.0,0.0
2022-11-02 00:00:00+07:00,7052.30322265625,7074.23291015625,6976.87109375,7015.68994140625,165214300,0.0,0.0
2022-11-03 00:00:00+07:00,7015.68994140625,7050.380859375,6962.85302734375,7034.5732421875,176601600,0.0,0.0
2022-11-04 00:00:00+07:00,7034.5732421875,7045.52685546875,6973.31884765625,7045.52685546875,180561000,0.0,0.0
2022-11-07 00:00:00+07:00,7045.52685546875,7102.39599609375,7011.56396484375,7102.39599609375,194075900,0.0,0.0
2022-11-08 00:00:00+07:00,7102.43603515625,7111.43994140625,7039.251953125,7050.1259765625,193397800,0.0,0.0
2022-11-09 00:00:00+07:00,7050.0859375,7073.5517578125,7037.30712890625,7070.083984375,187445600,0.0,0.0
2022-11-10 00:00:00+07:00,7070.083984375,7070.083984375,6956.2880859375,6966.8369140625,188518000,0.0,0.0
2022-11-11 00:00:00+07:00,6966.99609375,7106.06005859375,6966.99609375,7089.2060546875,226055800,0.0,0.0
2022-11-14 00:00:00+07:00,7089.2060546875,7104.76416015625,7014.2978515625,7019.39208984375,174641100,0.0,0.0
2022-11-15 00:00:00+07:00,7019.39208984375,7048.39013671875,6999.23583984375,7035.5,167825000,0.0,0.0
2022-11-16 00:00:00+07:00,7035.5,7046.9990234375,6955.52880859375,7014.3837890625,165129900,0.0,0.0
2022-11-17 00:00:00+07:00,7014.3837890625,7051.27490234375,6965.76220703125,7044.98583984375,156588900,0.0,0.0
2022-11-18 00:00:00+07:00,7045.02587890625,7094.09716796875,7027.74609375,7082.18115234375,167164400,0.0,0.0
2022-11-21 00:00:00+07:00,7082.18115234375,7107.3232421875,7050.44091796875,7063.2470703125,162801100,0.0,0.0
2022-11-22 00:00:00+07:00,7063.2470703125,7108.8310546875,7030.587890625,7030.587890625,177602200,0.0,0.0
2022-11-23 00:00:00+07:00,7030.626953125,7089.69384765625,7026.39111328125,7054.123046875,157476700,0.0,0.0
2022-11-24 00:00:00+07:00,7054.162109375,7104.88916015625,7054.162109375,7080.51513671875,159926700,0.0,0.0
2022-11-25 00:00:00+07:00,7080.55419921875,7086.56201171875,7013.22119140625,7053.14990234375,158716200,0.0,0.0
2022-11-28 00:00:00+07:00,7053.10986328125,7083.37890625,7011.453125,7017.35791015625,187211500,0.0,0.0
2022-11-29 00:00:00+07:00,7017.31787109375,7036.5380859375,6990.90087890625,7012.06884765625,164098100,0.0,0.0
2022-11-30 00:00:00+07:00,7012.10888671875,7081.31298828125,6993.69580078125,7081.31298828125,273493300,0.0,0.0
2022-12-01 00:00:00+07:00,7081.19482421875,7090.27685546875,7018.26904296875,7020.80322265625,167994300,0.0,0.0
2022-12-02 00:00:00+07:00,7020.80322265625,7021.81396484375,6967.9501953125,7019.63916015625,139459800,0.0,0.0
2022-12-05 00:00:00+07:00,7019.63916015625,7053.90283203125,6987.328125,6987.328125,165306000,0.0,0.0
2022-12-06 00:00:00+07:00,6987.3681640625,6987.3681640625,6862.56494140625,6892.56982421875,149697900,0.0,0.0
2022-12-07 00:00:00+07:00,6892.56982421875,6892.6630859375,6799.2998046875,6818.751953125,158724300,0.0,0.0
2022-12-08 00:00:00+07:00,6818.791015625,6821.05078125,6683.62890625,6804.22705078125,162316700,0.0,0.0
2022-12-09 00:00:00+07:00,6804.22705078125,6804.22705078125,6695.3818359375,6715.1181640625,127123900,0.0,0.0
2022-12-12 00:00:00+07:00,6715.1181640625,6734.4521484375,6641.81005859375,6734.4521484375,134471100,0.0,0.0
2022-12-13 00:00:00+07:00,6734.4912109375,6826.1162109375,6714.8720703125,6810.31591796875,396136700,0.0,0.0
2022-12-14 00:00:00+07:00,6810.35595703125,6854.09814453125,6774.1318359375,6801.7490234375,215430000,0.0,0.0
2022-12-15 00:00:00+07:00,6801.7890625,6801.837890625,6740.955078125,6751.85986328125,145093400,0.0,0.0
2022-12-16 00:00:00+07:00,6751.85986328125,6812.19287109375,6693.76513671875,6812.19287109375,156126900,0.0,0.0
2022-12-19 00:00:00+07:00,6812.15380859375,6827.81494140625,6754.087890625,6779.6982421875,127896600,0.0,0.0
2022-12-20 00:00:00+07:00,6779.6982421875,6792.203125,6715.044921875,6768.31591796875,151817000,0.0,0.0
2022-12-21 00:00:00+07:00,6768.31591796875,6820.6630859375,6763.69677734375,6820.6630859375,139079800,0.0,0.0
2022-12-22 00:00:00+07:00,6820.7021484375,6844.12109375,6800.6171875,6824.43212890625,129012900,0.0,0.0
2022-12-23 00:00:00+07:00,6824.39306640625,6824.39306640625,6784.5869140625,6800.6728515625,120430300,0.0,0.0
2022-12-26 00:00:00+07:00,6800.712890625,6858.14697265625,6796.1669921875,6835.80810546875,117543200,0.0,0.0
2022-12-27 00:00:00+07:00,6835.84716796875,6933.88916015625,6835.662109375,6923.02685546875,121669200,0.0,0.0
2022-12-28 00:00:00+07:00,6923.06591796875,6953.0390625,6828.14013671875,6850.52001953125,120571100,0.0,0.0
2022-12-29 00:00:00+07:00,6850.52001953125,6879.5849609375,6786.98193359375,6860.0771484375,141016100,0.0,0.0
2022-12-30 00:00:00+07:00,6860.1162109375,6888.73583984375,6838.5888671875,6850.619140625,129302000,0.0,0.0
2023-01-02 00:00:00+07:00,6850.740234375,6856.88916015625,6823.47900390625,6850.98388671875,109645000,0.0,0.0
2023-01-03 00:00:00+07:00,6850.98388671875,6908.001953125,6838.57421875,6888.7578125,156894900,0.0,0.0
2023-01-04 00:00:00+07:00,6888.798828125,6900.60302734375,6813.23876953125,6813.23876953125,142541400,0.0,0.0
2023-01-05 00:00:00+07:00,6813.27978515625,6813.421875,6621.98681640625,6653.8408203125,180589300,0.0,0.0
2023-01-06 00:00:00+07:00,6653.759765625,6708.63720703125,6598.64599609375,6684.55810546875,109855600,0.0,0.0
2023-01-09 00:00:00+07:00,6684.55810546875,6726.9658203125,6638.64599609375,6688.26513671875,135949700,0.0,0.0
2023-01-10 00:00:00+07:00,6688.26513671875,6690.22900390625,6570.2431640625,6622.4990234375,144817300,0.0,0.0
2023-01-11 00:00:00+07:00,6622.5390625,6622.794921875,6557.919921875,6584.453125,124903900,0.0,0.0
2023-01-12 00:00:00+07:00,6584.494140625,6662.22900390625,6574.0888671875,6629.93408203125,148901900,0.0,0.0
2023-01-13 00:00:00+07:00,6629.93408203125,6658.47607421875,6600.59423828125,6641.830078125,165594900,0.0,0.0
2023-01-16 00:00:00+07:00,6641.830078125,6688.05712890625,6627.69677734375,6688.05712890625,154893500,0.0,0.0
2023-01-17 00:00:00+07:00,6688.05712890625,6801.87109375,6688.05712890625,6767.33984375,217634400,0.0,0.0
2023-01-18 00:00:00+07:00,6767.17822265625,6790.1640625,6721.4638671875,6765.7861328125,194959200,0.0,0.0
2023-01-19 00:00:00+07:00,6765.74609375,6820.98486328125,6754.5517578125,6819.9072265625,154234600,0.0,0.0
2023-01-20 00:00:00+07:00,6819.9072265625,6874.93115234375,6819.5322265625,6874.93115234375,173846000,0.0,0.0
2023-01-24 00:00:00+07:00,6874.93115234375,6906.791015625,6841.0068359375,6860.85400390625,196805400,0.0,0.0
2023-01-25 00:00:00+07:00,6860.85400390625,6871.36376953125,6821.27978515625,6829.93017578125,187905300,0.0,0.0
2023-01-26 00:00:00+07:00,6829.97021484375,6874.869140625,6815.78515625,6864.81787109375,171067600,0.0,0.0
2023-01-27 00:00:00+07:00,6864.81787109375,6932.708984375,6864.81787109375,6898.98095703125,149187500,0.0,0.0
2023-01-30 00:00:00+07:00,6899.02197265625,6925.46923828125,6834.0810546875,6872.48095703125,134698100,0.0,0.0
2023-01-31 00:00:00+07:00,6872.52099609375,6880.9599609375,6827.2431640625,6839.341796875,151785000,0.0,0.0
2023-02-01 00:00:00+07:00,6838.916015625,6893.18408203125,6838.916015625,6862.2578125,145899200,0.0,0.0
2023-02-02 00:00:00+07:00,6862.2578125,6896.73193359375,6855.3671875,6890.57177734375,189189500,0.0,0.0
2023-02-03 00:00:00+07:00,6890.7138671875,6951.966796875,6890.7138671875,6911.73193359375,202858400,0.0,0.0
2023-02-06 00:00:00+07:00,6911.73193359375,6924.8828125,6835.7578125,6873.791015625,143480000,0.0,0.0
2023-02-07 00:00:00+07:00,6873.791015625,6946.23388671875,6873.791015625,6935.30078125,173101600,0.0,0.0
2023-02-08 00:00:00+07:00,6935.30078125,6961.9189453125,6912.10888671875,6940.1240234375,172668200,0.0,0.0
2023-02-09 00:00:00+07:00,6940.1240234375,6961.15185546875,6896.0400390625,6897.365234375,176681300,0.0,0.0
2023-02-10 00:00:00+07:00,6895.23779296875,6895.23779296875,6803.41796875,6880.3291015625,140803700,0.0,0.0
2023-02-13 00:00:00+07:00,6880.3291015625,6915.14404296875,6871.8828125,6900.14013671875,213914100,0.0,0.0
2023-02-14 00:00:00+07:00,6900.14013671875,6941.85498046875,6900.14013671875,6941.85498046875,162808100,0.0,0.0
2023-02-15 00:00:00+07:00,6941.85498046875,6946.0341796875,6872.869140625,6914.5380859375,148477900,0.0,0.0
2023-02-16 00:00:00+07:00,6914.5380859375,6933.28076171875,6875.30078125,6895.6640625,173648600,0.0,0.0
2023-02-17 00:00:00+07:00,6895.6640625,6919.091796875,6868.27978515625,6895.7138671875,180098400,0.0,0.0
2023-02-20 00:00:00+07:00,6895.85595703125,6910.5048828125,6863.6708984375,6894.716796875,175859700,0.0,0.0
2023-02-21 00:00:00+07:00,6894.716796875,6923.6728515625,6870.9111328125,6873.40478515625,144215700,0.0,0.0
2023-02-22 00:00:00+07:00,6873.26318359375,6875.39013671875,6781.22900390625,6809.9677734375,149215500,0.0,0.0
2023-02-23 00:00:00+07:00,6810.10888671875,6839.4541015625,6806.9970703125,6839.4541015625,124488600,0.0,0.0
2023-02-24 00:00:00+07:00,6839.4541015625,6880.31201171875,6839.4541015625,6856.576171875,130300200,0.0,0.0
2023-02-27 00:00:00+07:00,6856.576171875,6871.11181640625,6819.8720703125,6854.77685546875,127631500,0.0,0.0
2023-02-28 00:00:00+07:00,6854.77685546875,6890.35400390625,6843.23876953125,6843.23876953125,167931100,0.0,0.0
2023-03-01 00:00:00+07:00,6843.09814453125,6889.51416015625,6833.18896484375,6844.93603515625,146293200,0.0,0.0
2023-03-02 00:00:00+07:00,6845.078125,6875.09814453125,6841.86181640625,6857.4150390625,136086000,0.0,0.0
2023-03-03 00:00:00+07:00,6857.4150390625,6884.1162109375,6804.47607421875,6813.63623046875,118736600,0.0,0.0
2023-03-06 00:00:00+07:00,6813.9189453125,6856.56884765625,6801.18994140625,6807.0009765625,137055800,0.0,0.0
2023-03-07 00:00:00+07:00,6806.85888671875,6812.958984375,6758.0009765625,6766.7578125,140398600,0.0,0.0
2023-03-08 00:00:00+07:00,6766.7578125,6776.3701171875,6728.19091796875,6776.3701171875,144130900,0.0,0.0
2023-03-09 00:00:00+07:00,6776.3701171875,6824.6640625,6776.3701171875,6799.794921875,113187000,0.0,0.0
2023-03-10 00:00:00+07:00,6799.794921875,6799.794921875,6741.41015625,6765.3017578125,131746200,0.0,0.0
2023-03-13 00:00:00+07:00,6765.01806640625,6812.8740234375,6727.44287109375,6786.955078125,141798000,0.0,0.0
2023-03-14 00:00:00+07:00,6786.671875,6786.671875,6635.3759765625,6641.81396484375,166605500,0.0,0.0
2023-03-15 00:00:00+07:00,6641.81396484375,6709.86083984375,6628.13720703125,6628.13720703125,139210500,0.0,0.0
2023-03-16 00:00:00+07:00,6628.13720703125,6630.76806640625,6542.7919921875,6565.72802734375,154420700,0.0,0.0
2023-03-17 00:00:00+07:00,6565.72802734375,6683.09423828125,6565.72802734375,6678.23681640625,455755600,0.0,0.0
2023-03-20 00:00:00+07:00,6678.23681640625,6678.23681640625,6587.68896484375,6612.490234375,128905000,0.0,0.0
2023-03-21 00:00:00+07:00,6612.490234375,6691.61083984375,6609.22314453125,6691.61083984375,145475100,0.0,0.0
2023-03-24 00:00:00+07:00,6694.01708984375,6776.90478515625,6692.166015625,6762.25390625,146575100,0.0,0.0
2023-03-27 00:00:00+07:00,6762.25390625,6772.59521484375,6704.751953125,6708.93310546875,135182600,0.0,0.0
2023-03-28 00:00:00+07:00,6708.93310546875,6764.65478515625,6708.93310546875,6760.328125,126113300,0.0,0.0
2023-03-29 00:00:00+07:00,6760.328125,6851.505859375,6760.328125,6839.43603515625,143324900,0.0,0.0
2023-03-30 00:00:00+07:00,6839.43603515625,6868.6328125,6803.0927734375,6808.951171875,140466800,0.0,0.0
2023-03-31 00:00:00+07:00,6809.0927734375,6831.55322265625,6789.60986328125,6805.27685546875,139015200,0.0,0.0
2023-04-03 00:00:00+07:00,6805.27685546875,6849.35791015625,6805.126953125,6827.1748046875,127453100,0.0,0.0
2023-04-04 00:00:00+07:00,6827.033203125,6859.69287109375,6781.52392578125,6833.17822265625,131576400,0.0,0.0
2023-04-05 00:00:00+07:00,6833.17822265625,6867.3369140625,6816.43017578125,6819.6748046875,123965500,0.0,0.0
2023-04-06 00:00:00+07:00,6819.6748046875,6832.72998046875,6786.287109375,6792.76513671875,172852900,0.0,0.0
2023-04-10 00:00:00+07:00,6792.76513671875,6799.494140625,6735.19287109375,6771.23486328125,129368500,0.0,0.0
2023-04-11 00:00:00+07:00,6771.23486328125,6811.31396484375,6738.76611328125,6811.31396484375,161404500,0.0,0.0
2023-04-12 00:00:00+07:00,6811.455078125,6833.744140625,6775.2841796875,6798.9638671875,151427200,0.0,0.0
2023-04-13 00:00:00+07:00,6798.541015625,6816.884765625,6764.6591796875,6785.59814453125,161495800,0.0,0.0
2023-04-14 00:00:00+07:00,6785.8798828125,6838.07177734375,6785.7001953125,6818.57421875,137035000,0.0,0.0
2023-04-17 00:00:00+07:00,6818.71484375,6829.509765625,6765.14208984375,6787.58203125,94860100,0.0,0.0
2023-04-18 00:00:00+07:00,6787.58203125,6839.7587890625,6784.1728515625,6821.80712890625,103660800,0.0,0.0
2023-04-26 00:00:00+07:00,6821.80712890625,6910.14697265625,6821.59912109375,6910.14697265625,120164300,0.0,0.0
2023-04-27 00:00:00+07:00,6910.84814453125,6971.91015625,6877.64990234375,6945.47705078125,161595900,0.0,0.0
2023-04-28 00:00:00+07:00,6945.47705078125,6958.6728515625,6897.708984375,6915.7158203125,130620700,0.0,0.0
2023-05-02 00:00:00+07:00,6915.7158203125,6920.3359375,6814.34423828125,6863.3017578125,136480100,0.0,0.0
2023-05-03 00:00:00+07:00,6863.3017578125,6865.61181640625,6776.89599609375,6812.72216796875,121306900,0.0,0.0
2023-05-04 00:00:00+07:00,6812.72216796875,6846.1240234375,6780.0869140625,6844.02685546875,137517900,0.0,0.0
2023-05-05 00:00:00+07:00,6844.02685546875,6851.5859375,6733.77587890625,6787.630859375,148189400,0.0,0.0
2023-05-08 00:00:00+07:00,6787.4912109375,6798.32177734375,6756.6611328125,6769.630859375,179625500,0.0,0.0
2023-05-09 00:00:00+07:00,6769.630859375,6793.76611328125,6742.17919921875,6779.97998046875,172097200,0.0,0.0
2023-05-10 00:00:00+07:00,6780.40087890625,6820.123046875,6775.19287109375,6811.90478515625,181480200,0.0,0.0
2023-05-11 00:00:00+07:00,6811.90478515625,6814.1240234375,6717.4248046875,6755.93798828125,162906200,0.0,0.0
2023-05-12 00:00:00+07:00,6755.93798828125,6755.93798828125,6704.56591796875,6707.76318359375,173779500,0.0,0.0
2023-05-15 00:00:00+07:00,6708.4638671875,6729.2998046875,6656.64794921875,6711.740234375,142578400,0.0,0.0
2023-05-16 00:00:00+07:00,6711.740234375,6729.07421875,6659.0732421875,6676.56396484375,156372400,0.0,0.0
2023-05-17 00:00:00+07:00,6676.423828125,6706.59521484375,6661.4677734375,6663.11376953125,180449300,0.0,0.0
2023-05-19 00:00:00+07:00,6663.11376953125,6715.03076171875,6662.7490234375,6700.56103515625,161565100,0.0,0.0
2023-05-22 00:00:00+07:00,6700.56103515625,6757.6240234375,6675.876953125,6729.64697265625,167491100,0.0,0.0
2023-05-23 00:00:00+07:00,6729.64697265625,6772.64697265625,6727.06787109375,6736.68408203125,162216500,0.0,0.0
2023-05-24 00:00:00+07:00,6736.68408203125,6755.8828125,6713.89306640625,6745.80419921875,137679300,0.0,0.0
2023-05-25 00:00:00+07:00,6745.80419921875,6749.712890625,6702.52978515625,6704.23095703125,156986800,0.0,0.0
2023-05-26 00:00:00+07:00,6704.23095703125,6727.2861328125,6669.23583984375,6687.0009765625,181504900,0.0,0.0
2023-05-29 00:00:00+07:00,6687.28076171875,6708.3671875,6617.23681640625,6681.10205078125,164801800,0.0,0.0
2023-05-30 00:00:00+07:00,6681.10205078125,6700.23779296875,6636.4228515625,6636.4228515625,173775000,0.0,0.0
2023-05-31 00:00:00+07:00,6636.4228515625,6657.64990234375,6562.955078125,6633.26123046875,615071900,0.0,0.0
2023-06-05 00:00:00+07:00,6633.26123046875,6663.71484375,6598.509765625,6633.43701171875,152714500,0.0,0.0
2023-06-06 00:00:00+07:00,6633.43701171875,6677.56787109375,6602.00390625,6618.9228515625,231838500,0.0,0.0
2023-06-07 00:00:00+07:00,6619.06298828125,6638.5810546875,6578.755859375,6619.7548828125,162881000,0.0,0.0
2023-06-08 00:00:00+07:00,6619.7548828125,6666.330078125,6598.419921875,6666.330078125,168616600,0.0,0.0
2023-06-09 00:00:00+07:00,6666.0498046875,6703.82421875,6648.958984375,6694.02392578125,182769600,0.0,0.0
2023-06-12 00:00:00+07:00,6694.583984375,6722.373046875,6670.52197265625,6722.373046875,158712000,0.0,0.0
2023-06-13 00:00:00+07:00,6722.373046875,6744.0380859375,6697.07080078125,6719.01416015625,176568000,0.0,0.0
2023-06-14 00:00:00+07:00,6718.8740234375,6744.64404296875,6672.85595703125,6699.716796875,178279800,0.0,0.0
2023-06-15 00:00:00+07:00,6699.716796875,6717.4560546875,6660.9091796875,6713.794921875,151187300,0.0,0.0
2023-06-16 00:00:00+07:00,6713.51513671875,6726.4560546875,6669.3359375,6698.546875,172061800,0.0,0.0
2023-06-19 00:00:00+07:00,6698.546875,6705.0380859375,6669.0498046875,6686.05908203125,161424500,0.0,0.0
2023-06-20 00:00:00+07:00,6686.05908203125,6692.44091796875,6626.14892578125,6660.455078125,118276600,0.0,0.0
2023-06-21 00:00:00+07:00,6660.455078125,6702.625,6635.673828125,6702.625,120273100,0.0,0.0
2023-06-22 00:00:00+07:00,6702.76513671875,6717.97607421875,6652.26123046875,6652.26123046875,168533600,0.0,0.0
2023-06-23 00:00:00+07:00,6652.26123046875,6665.6630859375,6635.48193359375,6639.73291015625,113447100,0.0,0.0
2023-06-26 00:00:00+07:00,6639.73291015625,6674.06005859375,6622.18408203125,6664.66796875,126037100,0.0,0.0
2023-06-27 00:00:00+07:00,6664.66796875,6679.6259765625,6652.90380859375,6661.87890625,142328900,0.0,0.0
2023-07-03 00:00:00+07:00,6661.73583984375,6696.7158203125,6660.82421875,6696.7158203125,125551000,0.0,0.0
2023-07-04 00:00:00+07:00,6696.85888671875,6713.9931640625,6672.77392578125,6681.75390625,146273000,0.0,0.0
2023-07-05 00:00:00+07:00,6681.75390625,6719.05615234375,6676.93408203125,6718.97705078125,148911000,0.0,0.0
2023-07-06 00:00:00+07:00,6718.26318359375,6766.27294921875,6712.07421875,6757.3310546875,179543000,0.0,0.0
2023-07-07 00:00:00+07:00,6757.0478515625,6757.0478515625,6711.22314453125,6716.458984375,158332900,0.0,0.0
2023-07-10 00:00:00+07:00,6716.458984375,6763.5458984375,6716.458984375,6731.0380859375,123617000,0.0,0.0
2023-07-11 00:00:00+07:00,6731.18017578125,6796.923828125,6730.6298828125,6796.923828125,160428000,0.0,0.0
2023-07-12 00:00:00+07:00,6796.923828125,6820.17919921875,6785.85595703125,6808.208984375,161722800,0.0,0.0
2023-07-13 00:00:00+07:00,6808.35107421875,6835.73779296875,6783.7412109375,6810.212890625,171443900,0.0,0.0
2023-07-14 00:00:00+07:00,6810.212890625,6874.77587890625,6810.212890625,6869.57177734375,160702800,0.0,0.0
2023-07-17 00:00:00+07:00,6869.712890625,6931.27197265625,6867.14404296875,6867.14404296875,176805700,0.0,0.0
2023-07-18 00:00:00+07:00,6867.14404296875,6902.14306640625,6798.43212890625,6830.203125,150363000,0.0,0.0
2023-07-20 00:00:00+07:00,6830.06103515625,6874.89208984375,6827.9990234375,6864.18896484375,142032500,0.0,0.0
2023-07-21 00:00:00+07:00,6864.18896484375,6880.8017578125,6837.64599609375,6880.8017578125,131640100,0.0,0.0
2023-07-24 00:00:00+07:00,6880.8017578125,6929.68408203125,6877.9482421875,6899.39599609375,150084400,0.0,0.0
2023-07-25 00:00:00+07:00,6897.97802734375,6944.6201171875,6897.97802734375,6917.7109375,150504400,0.0,0.0
2023-07-26 00:00:00+07:00,6917.7109375,6955.97509765625,6917.4072265625,6948.27880859375,149683800,0.0,0.0
2023-07-27 00:00:00+07:00,6948.27880859375,6966.1669921875,6896.6630859375,6896.6630859375,158624100,0.0,0.0
2023-07-28 00:00:00+07:00,6896.80517578125,6904.10498046875,6857.3681640625,6900.22998046875,146686100,0.0,0.0
2023-07-31 00:00:00+07:00,6900.22998046875,6931.35888671875,6895.0732421875,6931.35888671875,171457600,0.0,0.0
2023-08-01 00:00:00+07:00,6931.0751953125,6934.38720703125,6880.466796875,6886.49609375,196062700,0.0,0.0
2023-08-02 00:00:00+07:00,6886.49609375,6886.49609375,6833.97998046875,6854.509765625,183858400,0.0,0.0
2023-08-03 00:00:00+07:00,6854.509765625,6924.05322265625,6839.7431640625,6898.0771484375,163613400,0.0,0.0
2023-08-04 00:00:00+07:00,6898.21923828125,6925.01416015625,6850.89990234375,6852.841796875,118791000,0.0,0.0
2023-08-07 00:00:00+07:00,6852.841796875,6904.35595703125,6852.841796875,6886.3662109375,134540800,0.0,0.0
2023-08-08 00:00:00+07:00,6886.5068359375,6915.05078125,6861.634765625,6868.81298828125,170357400,0.0,0.0
2023-08-09 00:00:00+07:00,6868.81298828125,6901.06005859375,6863.083984375,6875.11181640625,218491200,0.0,0.0
2023-08-10 00:00:00+07:00,6875.11181640625,6910.7548828125,6875.11181640625,6893.27587890625,162734000,0.0,0.0
2023-08-11 00:00:00+07:00,6893.27587890625,6906.64501953125,6865.11181640625,6879.97900390625,130736700,0.0,0.0
2023-08-14 00:00:00+07:00,6879.97900390625,6910.171875,6823.75390625,6910.171875,138804900,0.0,0.0
2023-08-15 00:00:00+07:00,6910.455078125,6928.6298828125,6898.3818359375,6915.10107421875,172760000,0.0,0.0
2023-08-16 00:00:00+07:00,6915.10107421875,6915.10107421875,6855.88818359375,6900.5380859375,152291200,0.0,0.0
2023-08-18 00:00:00+07:00,6899.830078125,6899.830078125,6856.37890625,6859.912109375,130737900,0.0,0.0
2023-08-21 00:00:00+07:00,6860.05322265625,6890.27587890625,6859.4228515625,6866.033203125,207708300,0.0,0.0
2023-08-22 00:00:00+07:00,6866.033203125,6927.4482421875,6860.68896484375,6916.4501953125,158573900,0.0,0.0
2023-08-23 00:00:00+07:00,6916.4501953125,6959.43212890625,6916.4501953125,6921.41015625,170674700,0.0,0.0
2023-08-24 00:00:00+07:00,6921.41015625,6937.64892578125,6898.38818359375,6899.39208984375,142846200,0.0,0.0
2023-08-25 00:00:00+07:00,6899.39208984375,6906.083984375,6869.6328125,6895.44287109375,129994800,0.0,0.0
2023-08-28 00:00:00+07:00,6895.8681640625,6940.12109375,6895.8681640625,6921.72705078125,185488900,0.0,0.0
2023-08-29 00:00:00+07:00,6921.72705078125,6964.73388671875,6921.72705078125,6957.8349609375,244345800,0.0,0.0
2023-08-30 00:00:00+07:00,6958.259765625,7008.48681640625,6958.259765625,6966.65576171875,159326300,0.0,0.0
2023-08-31 00:00:00+07:00,6966.65576171875,6982.34521484375,6924.22509765625,6953.259765625,233127700,0.0,0.0
2023-09-01 00:00:00+07:00,6953.259765625,6992.634765625,6950.26416015625,6977.65380859375,145790000,0.0,0.0
2023-09-04 00:00:00+07:00,6977.7958984375,7007.8017578125,6974.8232421875,6996.75,154577900,0.0,0.0
2023-09-05 00:00:00+07:00,6996.75,7014.47998046875,6972.626953125,6991.7080078125,183173900,0.0,0.0
2023-09-06 00:00:00+07:00,6991.7080078125,7020.966796875,6989.7900390625,6995.953125,165422100,0.0,0.0
2023-09-07 00:00:00+07:00,6996.09521484375,7003.671875,6927.4208984375,6954.80810546875,191159400,0.0,0.0
2023-09-08 00:00:00+07:00,6954.80810546875,6966.76611328125,6900.5869140625,6924.77978515625,140402900,0.0,0.0
2023-09-11 00:00:00+07:00,6924.77978515625,6963.39306640625,6904.36279296875,6963.39306640625,174103700,0.0,0.0
2023-09-12 00:00:00+07:00,6963.39306640625,6976.47998046875,6928.22900390625,6933.96923828125,174683500,0.0,0.0
2023-09-13 00:00:00+07:00,6934.10986328125,6944.82080078125,6903.23486328125,6935.47607421875,163898700,0.0,0.0
2023-09-14 00:00:00+07:00,6935.3349609375,6968.97705078125,6927.68017578125,6959.3330078125,171813100,0.0,0.0
2023-09-15 00:00:00+07:00,6959.19091796875,7011.87890625,6945.06982421875,6982.791015625,346903000,0.0,0.0
2023-09-18 00:00:00+07:00,6982.791015625,6999.39794921875,6928.77099609375,6936.0830078125,153763100,0.0,0.0
2023-09-19 00:00:00+07:00,6936.3671875,6994.037109375,6934.7109375,6980.32080078125,135442200,0.0,0.0
2023-09-20 00:00:00+07:00,6980.32080078125,7046.47509765625,6980.32080078125,7011.68115234375,146616600,0.0,0.0
2023-09-21 00:00:00+07:00,7011.68115234375,7021.2939453125,6974.0087890625,6991.4658203125,138027800,0.0,0.0
2023-09-22 00:00:00+07:00,6991.4658203125,7040.1298828125,6985.958984375,7016.84423828125,155659000,0.0,0.0
2023-09-25 00:00:00+07:00,7016.98486328125,7029.76611328125,6994.43896484375,6998.380859375,182991900,0.0,0.0
2023-09-26 00:00:00+07:00,6998.09716796875,7019.5517578125,6913.81689453125,6923.7998046875,222491300,0.0,0.0
2023-09-27 00:00:00+07:00,6923.7998046875,6970.84619140625,6913.35205078125,6937.828125,154929800,0.0,0.0
2023-09-29 00:00:00+07:00,6937.828125,6978.5927734375,6937.828125,6939.89208984375,165659400,0.0,0.0
2023-10-02 00:00:00+07:00,6939.89208984375,6984.5791015625,6939.61083984375,6961.458984375,157872500,0.0,0.0
2023-10-03 00:00:00+07:00,6961.458984375,6992.626953125,6940.88720703125,6940.88720703125,167668900,0.0,0.0
2023-10-04 00:00:00+07:00,6940.88720703125,6943.27392578125,6839.85791015625,6886.576171875,196090300,0.0,0.0
2023-10-05 00:00:00+07:00,6886.98583984375,6934.80419921875,6874.826171875,6874.826171875,167955300,0.0,0.0
2023-10-06 00:00:00+07:00,6875.09912109375,6913.01220703125,6875.09912109375,6888.51806640625,142303700,0.0,0.0
2023-10-09 00:00:00+07:00,6888.51806640625,6929.97119140625,6880.5380859375,6891.455078125,139709000,0.0,0.0
2023-10-10 00:00:00+07:00,6891.455078125,6954.0087890625,6891.455078125,6922.18798828125,123670000,0.0,0.0
2023-10-11 00:00:00+07:00,6922.18798828125,6965.8251953125,6914.72119140625,6931.7529296875,178123100,0.0,0.0
2023-10-12 00:00:00+07:00,6931.88916015625,6986.8828125,6931.88916015625,6935.15087890625,218808900,0.0,0.0
2023-10-13 00:00:00+07:00,6934.8779296875,6973.751953125,6902.05908203125,6926.77978515625,216335000,0.0,0.0
2023-10-16 00:00:00+07:00,6926.916015625,6970.59814453125,6878.26318359375,6896.2919921875,341572100,0.0,0.0
2023-10-17 00:00:00+07:00,6896.2919921875,6948.0390625,6892.23291015625,6939.615234375,176866700,0.0,0.0
2023-10-18 00:00:00+07:00,6939.615234375,6968.2548828125,6908.2861328125,6927.90576171875,187464900,0.0,0.0
2023-10-19 00:00:00+07:00,6927.6328125,6927.98095703125,6840.365234375,6846.4267578125,205941400,0.0,0.0
2023-10-20 00:00:00+07:00,6846.4267578125,6869.47412109375,6803.19287109375,6849.16796875,194064800,0.0,0.0
2023-10-23 00:00:00+07:00,6849.16796875,6853.44921875,6730.8759765625,6741.9638671875,168543100,0.0,0.0
2023-10-24 00:00:00+07:00,6741.828125,6826.048828125,6738.533203125,6806.76220703125,141478700,0.0,0.0
2023-10-25 00:00:00+07:00,6806.89892578125,6878.56005859375,6806.89892578125,6834.38818359375,153802700,0.0,0.0
2023-10-26 00:00:00+07:00,6833.97900390625,6838.80908203125,6704.52001953125,6714.51904296875,168306200,0.0,0.0
2023-10-27 00:00:00+07:00,6714.51904296875,6781.39306640625,6713.93701171875,6758.79296875,163096100,0.0,0.0
2023-10-30 00:00:00+07:00,6758.6572265625,6775.212890625,6692.77978515625,6735.89208984375,157763400,0.0,0.0
2023-10-31 00:00:00+07:00,6735.89208984375,6754.51611328125,6666.41015625,6752.2109375,195489700,0.0,0.0
2023-11-01 00:00:00+07:00,6751.93896484375,6773.98095703125,6639.82421875,6642.41796875,206571400,0.0,0.0
2023-11-02 00:00:00+07:00,6642.68994140625,6784.9951171875,6642.68994140625,6751.38623046875,221191100,0.0,0.0
2023-11-03 00:00:00+07:00,6751.38623046875,6826.6181640625,6748.69580078125,6788.85009765625,231714900,0.0,0.0
2023-11-06 00:00:00+07:00,6788.85009765625,6878.8359375,6787.22802734375,6878.8359375,228787500,0.0,0.0
2023-11-07 00:00:00+07:00,6878.8359375,6887.02294921875,6806.8818359375,6843.7900390625,193087900,0.0,0.0
2023-11-08 00:00:00+07:00,6843.65380859375,6843.91796875,6760.10205078125,6804.10595703125,151412300,0.0,0.0
2023-11-09 00:00:00+07:00,6804.10595703125,6865.0771484375,6793.76416015625,6838.23291015625,120495400,0.0,0.0
2023-11-10 00:00:00+07:00,6838.23291015625,6843.95703125,6801.9189453125,6809.26318359375,133618500,0.0,0.0
2023-11-13 00:00:00+07:00,6809.26318359375,6857.10302734375,6809.26318359375,6838.31201171875,187630200,0.0,0.0
2023-11-14 00:00:00+07:00,6838.0400390625,6886.81005859375,6829.94921875,6862.05517578125,152609900,0.0,0.0
2023-11-15 00:00:00+07:00,6862.3271484375,6985.5908203125,6862.3271484375,6958.205078125,181839600,0.0,0.0
2023-11-16 00:00:00+07:00,6958.3408203125,6964.1689453125,6906.59423828125,6958.0078125,122880300,0.0,0.0
2023-11-17 00:00:00+07:00,6958.14501953125,6977.66796875,6919.6298828125,6977.66796875,122926700,0.0,0.0
2023-11-20 00:00:00+07:00,6977.66796875,7011.05908203125,6962.7509765625,6994.88818359375,150491900,0.0,0.0
2023-11-21 00:00:00+07:00,6994.88818359375,7010.97802734375,6946.9609375,6961.7900390625,160615900,0.0,0.0
2023-11-22 00:00:00+07:00,6961.7900390625,6965.4111328125,6893.5068359375,6906.953125,181914600,0.0,0.0
2023-11-23 00:00:00+07:00,6907.0888671875,7018.42919921875,6906.60986328125,7004.34423828125,219080000,0.0,0.0
2023-11-24 00:00:00+07:00,7004.47998046875,7049.541015625,7000.09716796875,7009.630859375,181146200,0.0,0.0
2023-11-27 00:00:00+07:00,7009.630859375,7061.8271484375,7008.81298828125,7013.40576171875,163462500,0.0,0.0
2023-11-28 00:00:00+07:00,7013.40576171875,7067.14306640625,7010.8251953125,7041.0732421875,167633600,0.0,0.0
2023-11-29 00:00:00+07:00,7041.0732421875,7070.19091796875,7020.01220703125,7036.0869140625,167555900,0.0,0.0
2023-11-30 00:00:00+07:00,7036.0869140625,7109.60888671875,7036.0869140625,7080.7412109375,259745500,0.0,0.0
2023-12-01 00:00:00+07:00,7080.06103515625,7083.85595703125,7022.76513671875,7059.90576171875,265990100,0.0,0.0
2023-12-04 00:00:00+07:00,7060.0419921875,7149.244140625,7060.0419921875,7093.60009765625,308380600,0.0,0.0
2023-12-05 00:00:00+07:00,7093.05615234375,7117.578125,7047.6318359375,7100.85498046875,319577000,0.0,0.0
2023-12-06 00:00:00+07:00,7100.85498046875,7140.1572265625,7085.81201171875,7087.39501953125,272847500,0.0,0.0
2023-12-07 00:00:00+07:00,7087.39501953125,7134.623046875,7041.0087890625,7134.623046875,235230700,0.0,0.0
2023-12-08 00:00:00+07:00,7134.623046875,7201.62890625,7123.037109375,7159.59814453125,270037600,0.0,0.0
2023-12-11 00:00:00+07:00,7139.27587890625,7153.115234375,7045.1728515625,7088.78515625,490104800,0.0,0.0
2023-12-12 00:00:00+07:00,7104.97216796875,7134.22021484375,7082.8798828125,7125.30712890625,255110500,0.0,0.0
2023-12-13 00:00:00+07:00,7110.0771484375,7124.47509765625,7045.94287109375,7075.3408203125,182766500,0.0,0.0
2023-12-14 00:00:00+07:00,7134.0419921875,7191.1591796875,7115.44677734375,7176.01611328125,228648300,0.0,0.0
2023-12-15 00:00:00+07:00,7183.14892578125,7215.93701171875,7169.43017578125,7190.98779296875,207901200,0.0,0.0
2023-12-18 00:00:00+07:00,7181.43408203125,7192.89208984375,7092.02783203125,7119.52490234375,239480200,0.0,0.0
2023-12-19 00:00:00+07:00,7116.5458984375,7187.84619140625,7112.81787109375,7187.84619140625,155446500,0.0,0.0
2023-12-20 00:00:00+07:00,7207.18017578125,7237.9658203125,7196.2412109375,7219.6669921875,142313600,0.0,0.0
2023-12-21 00:00:00+07:00,7222.0927734375,7229.2880859375,7173.0078125,7209.619140625,144347800,0.0,0.0
2023-12-22 00:00:00+07:00,7225.6201171875,7248.5478515625,7218.1748046875,7237.51904296875,111284900,0.0,0.0
2023-12-27 00:00:00+07:00,7256.158203125,7293.52490234375,7239.6630859375,7245.916015625,124953000,0.0,0.0
2023-12-28 00:00:00+07:00,7266.56884765625,7308.205078125,7262.25390625,7303.88818359375,123036000,0.0,0.0
2023-12-29 00:00:00+07:00,7307.11083984375,7309.7822265625,7259.68212890625,7272.796875,123172800,0.0,0.0
2024-01-02 00:00:00+07:00,7268.39794921875,7323.587890625,7245.56591796875,7323.587890625,121359000,0.0,0.0
2024-01-03 00:00:00+07:00,7316.10888671875,7321.87890625,7275.8740234375,7279.0908203125,159498400,0.0,0.0
2024-01-04 00:00:00+07:00,7290.06494140625,7371.23486328125,7280.4072265625,7359.76318359375,155674900,0.0,0.0
2024-01-05 00:00:00+07:00,7376.2880859375,7403.578125,7350.619140625,7350.619140625,163057200,0.0,0.0
2024-01-08 00:00:00+07:00,7362.046875,7393.1318359375,7275.1708984375,7283.5751953125,140602400,0.0,0.0
2024-01-09 00:00:00+07:00,7299.783203125,7311.63818359375,7180.1572265625,7200.203125,152570700,0.0,0.0
2024-01-10 00:00:00+07:00,7187.580078125,7259.60107421875,7152.8779296875,7227.296875,152699300,0.0,0.0
2024-01-11 00:00:00+07:00,7253.4560546875,7277.5009765625,7219.9638671875,7219.9638671875,190523900,0.0,0.0
2024-01-12 00:00:00+07:00,7242.3671875,7271.8720703125,7205.7587890625,7241.13818359375,152196500,0.0,0.0
2024-01-15 00:00:00+07:00,7254.044921875,7281.26123046875,7206.30712890625,7224.0009765625,132959600,0.0,0.0
2024-01-16 00:00:00+07:00,7231.63916015625,7268.17822265625,7210.02880859375,7242.787109375,130295500,0.0,0.0
2024-01-17 00:00:00+07:00,7248.01416015625,7252.45703125,7162.48486328125,7200.634765625,202143100,0.0,0.0
2024-01-18 00:00:00+07:00,7198.85009765625,7267.080078125,7185.37890625,7252.966796875,158921700,0.0,0.0
2024-01-19 00:00:00+07:00,7271.341796875,7277.97900390625,7170.80517578125,7227.40185546875,137359600,0.0,0.0
2024-01-22 00:00:00+07:00,7233.1728515625,7247.92822265625,7194.951171875,7247.92822265625,141722200,0.0,0.0
2024-01-23 00:00:00+07:00,7232.51611328125,7256.22900390625,7201.8291015625,7256.22900390625,132610200,0.0,0.0
2024-01-24 00:00:00+07:00,7255.77001953125,7271.9580078125,7170.2978515625,7227.8232421875,128902300,0.0,0.0
2024-01-25 00:00:00+07:00,7215.52685546875,7253.72021484375,7176.11181640625,7178.0419921875,130391900,0.0,0.0
2024-01-26 00:00:00+07:00,7152.26904296875,7166.68994140625,7099.083984375,7137.087890625,140214300,0.0,0.0
2024-01-29 00:00:00+07:00,7147.71484375,7177.69677734375,7115.0361328125,7157.1748046875,160408500,0.0,0.0
2024-01-30 00:00:00+07:00,7147.23583984375,7213.18896484375,7133.61376953125,7192.2158203125,182161800,0.0,0.0
2024-01-31 00:00:00+07:00,7213.30712890625,7247.51806640625,7192.64404296875,7207.94091796875,170270400,0.0,0.0
2024-02-01 00:00:00+07:00,7221.85205078125,7248.52978515625,7191.69482421875,7201.69580078125,157409100,0.0,0.0
2024-02-02 00:00:00+07:00,7221.90087890625,7238.78515625,7180.35693359375,7238.78515625,114364900,0.0,0.0
2024-02-05 00:00:00+07:00,7237.3349609375,7254.0888671875,7186.1708984375,7198.615234375,137325900,0.0,0.0
2024-02-06 00:00:00+07:00,7230.14892578125,7268.1318359375,7212.14013671875,7247.408203125,138020300,0.0,0.0
2024-02-07 00:00:00+07:00,7264.97607421875,7285.1279296875,7225.44921875,7235.15185546875,138054800,0.0,0.0
2024-02-12 00:00:00+07:00,7268.3349609375,7306.158203125,7250.31005859375,7297.6689453125,178661300,0.0,0.0
2024-02-13 00:00:00+07:00,7301.587890625,7301.587890625,7197.8271484375,7209.7412109375,128287400,0.0,0.0
2024-02-15 00:00:00+07:00,7337.630859375,7365.68212890625,7298.48193359375,7303.28076171875,184420400,0.0,0.0
2024-02-16 00:00:00+07:00,7337.81591796875,7370.56982421875,7314.8828125,7335.544921875,146427800,0.0,0.0
2024-02-19 00:00:00+07:00,7323.31201171875,7339.755859375,7277.537109375,7296.7021484375,151238000,0.0,0.0
2024-02-20 00:00:00+07:00,7320.72314453125,7354.10791015625,7309.498046875,7352.60107421875,129972000,0.0,0.0
2024-02-21 00:00:00+07:00,7345.791015625,7370.8818359375,7286.669921875,7349.02099609375,152570100,0.0,0.0
2024-02-22 00:00:00+07:00,7334.9521484375,7365.76123046875,7321.52294921875,7339.63623046875,154523800,0.0,0.0
2024-02-23 00:00:00+07:00,7326.52685546875,7340.18994140625,7262.10009765625,7295.09521484375,146259500,0.0,0.0
2024-02-26 00:00:00+07:00,7277.64013671875,7295.14208984375,7252.2841796875,7283.8232421875,147080400,0.0,0.0
2024-02-27 00:00:00+07:00,7263.98779296875,7292.93115234375,7255.1240234375,7285.31689453125,183851000,0.0,0.0
2024-02-28 00:00:00+07:00,7292.0751953125,7328.73876953125,7289.2578125,7328.63623046875,220356500,0.0,0.0
2024-02-29 00:00:00+07:00,7326.80322265625,7337.9228515625,7289.341796875,7316.11083984375,230050900,0.0,0.0
2024-03-01 00:00:00+07:00,7318.666015625,7331.31591796875,7269.89404296875,7311.9072265625,134622000,0.0,0.0
2024-03-04 00:00:00+07:00,7318.83203125,7328.384765625,7259.78076171875,7276.7490234375,168064100,0.0,0.0
2024-03-05 00:00:00+07:00,7296.5341796875,7305.44677734375,7238.3388671875,7247.4599609375,152811800,0.0,0.0
2024-03-06 00:00:00+07:00,7252.0849609375,7331.0810546875,7248.52783203125,7329.80078125,180285900,0.0,0.0
2024-03-07 00:00:00+07:00,7338.73193359375,7386.8740234375,7334.30810546875,7373.9638671875,193312700,0.0,0.0
2024-03-08 00:00:00+07:00,7398.42919921875,7416.43310546875,7376.15576171875,7381.9072265625,125243200,0.0,0.0
2024-03-13 00:00:00+07:00,7422.3017578125,7441.6162109375,7392.01123046875,7421.20703125,135225800,0.0,0.0
2024-03-14 00:00:00+07:00,7405.56689453125,7454.4482421875,7380.64794921875,7433.31494140625,129206200,0.0,0.0
2024-03-15 00:00:00+07:00,7408.658203125,7416.3388671875,7308.03515625,7328.05419921875,231480500,0.0,0.0
2024-03-18 00:00:00+07:00,7338.076171875,7358.55078125,7300.94091796875,7302.44921875,155334600,0.0,0.0
2024-03-19 00:00:00+07:00,7320.5380859375,7361.52978515625,7314.18017578125,7336.74609375,137594400,0.0,0.0
2024-03-20 00:00:00+07:00,7303.92919921875,7343.4599609375,7295.35009765625,7331.1279296875,169731600,0.0,0.0
2024-03-21 00:00:00+07:00,7360.55810546875,7396.47119140625,7336.59521484375,7338.35302734375,139792200,0.0,0.0
2024-03-22 00:00:00+07:00,7327.51416015625,7350.15185546875,7318.43603515625,7350.15185546875,123735900,0.0,0.0
2024-03-25 00:00:00+07:00,7339.52392578125,7377.759765625,7316.92919921875,7377.759765625,124315600,0.0,0.0
2024-03-26 00:00:00+07:00,7337.6611328125,7371.84423828125,7330.4638671875,7365.6640625,138442500,0.0,0.0
2024-03-27 00:00:00+07:00,7364.23095703125,7375.39990234375,7292.7978515625,7310.091796875,125276700,0.0,0.0
2024-03-28 00:00:00+07:00,7289.158203125,7313.01416015625,7244.9541015625,7288.81298828125,124084200,0.0,0.0
2024-04-01 00:00:00+07:00,7286.11376953125,7295.0029296875,7137.4638671875,7205.06103515625,124345600,0.0,0.0
2024-04-02 00:00:00+07:00,7199.1240234375,7236.98388671875,7153.93896484375,7236.98388671875,127711500,0.0,0.0
2024-04-03 00:00:00+07:00,7214.02001953125,7226.35302734375,7158.740234375,7166.84423828125,111040300,0.0,0.0
2024-04-04 00:00:00+07:00,7170.71923828125,7254.39892578125,7165.8310546875,7254.39892578125,108900300,0.0,0.0
2024-04-05 00:00:00+07:00,7245.32177734375,7298.85888671875,7239.27392578125,7286.8818359375,94886600,0.0,0.0
2024-04-16 00:00:00+07:00,7130.6279296875,7188.0888671875,7066.5732421875,7164.80712890625,175642500,0.0,0.0
2024-04-17 00:00:00+07:00,7199.830078125,7234.3740234375,7130.8408203125,7130.8408203125,143541300,0.0,0.0
2024-04-18 00:00:00+07:00,7151.73779296875,7180.55908203125,7135.52001953125,7166.81396484375,129376600,0.0,0.0
2024-04-19 00:00:00+07:00,7131.455078125,7141.5810546875,7036.2060546875,7087.31689453125,150694500,0.0,0.0
2024-04-22 00:00:00+07:00,7099.51708984375,7117.02392578125,7026.47705078125,7073.81982421875,121595900,0.0,0.0
2024-04-23 00:00:00+07:00,7102.80810546875,7165.9541015625,7099.841796875,7110.81298828125,172892100,0.0,0.0
2024-04-24 00:00:00+07:00,7127.0478515625,7191.1767578125,7126.85009765625,7174.533203125,154056000,0.0,0.0
2024-04-25 00:00:00+07:00,7167.98388671875,7177.06494140625,7132.10205078125,7155.2939453125,140400000,0.0,0.0
2024-04-26 00:00:00+07:00,7137.93408203125,7149.25390625,7036.0751953125,7036.0751953125,137603900,0.0,0.0
2024-04-29 00:00:00+07:00,7021.4921875,7155.7841796875,7021.4921875,7155.7841796875,129998600,0.0,0.0
2024-04-30 00:00:00+07:00,7187.4140625,7266.8681640625,7179.68505859375,7234.19677734375,156560600,0.0,0.0
2024-05-02 00:00:00+07:00,7227.60791015625,7232.9521484375,7072.47412109375,7117.4248046875,145628700,0.0,0.0
2024-05-03 00:00:00+07:00,7142.86376953125,7165.10205078125,7094.6162109375,7134.72412109375,159524500,0.0,0.0
2024-05-06 00:00:00+07:00,7171.58984375,7178.76708984375,7102.68505859375,7135.89013671875,164988900,0.0,0.0
2024-05-07 00:00:00+07:00,7136.85205078125,7159.76708984375,7108.17578125,7123.61181640625,148490800,0.0,0.0
2024-05-08 00:00:00+07:00,7129.4560546875,7164.30810546875,7071.34521484375,7088.794921875,147871800,0.0,0.0
2024-05-13 00:00:00+07:00,7061.373046875,7111.59912109375,7052.22998046875,7099.26123046875,134590500,0.0,0.0
2024-05-14 00:00:00+07:00,7095.52197265625,7136.64013671875,7071.501953125,7083.76318359375,137468100,0.0,0.0
2024-05-15 00:00:00+07:00,7085.37890625,7192.14501953125,7082.1181640625,7179.8310546875,139854300,0.0,0.0
2024-05-16 00:00:00+07:00,7203.169921875,7270.7568359375,7201.9150390625,7246.69580078125,154713600,0.0,0.0
2024-05-17 00:00:00+07:00,7249.72705078125,7356.71484375,7245.19580078125,7317.23779296875,181505100,0.0,0.0
2024-05-20 00:00:00+07:00,7329.39990234375,7374.546875,7243.01220703125,7266.69091796875,158071100,0.0,0.0
2024-05-21 00:00:00+07:00,7258.4111328125,7295.05615234375,7179.52880859375,7186.037109375,135589400,0.0,0.0
2024-05-22 00:00:00+07:00,7198.19287109375,7239.86181640625,7191.10595703125,7222.3818359375,135720300,0.0,0.0
2024-05-27 00:00:00+07:00,7219.98193359375,7256.18408203125,7171.48583984375,7176.419921875,190885600,0.0,0.0
2024-05-28 00:00:00+07:00,7228.5078125,7308.13720703125,7228.4111328125,7253.6259765625,166427200,0.0,0.0
2024-05-29 00:00:00+07:00,7275.52978515625,7282.0,7127.208984375,7140.22900390625,144619600,0.0,0.0
2024-05-30 00:00:00+07:00,7125.77197265625,7134.70703125,6984.97900390625,7034.14208984375,177693800,0.0,0.0
2024-05-31 00:00:00+07:00,7076.373046875,7102.21923828125,6959.22705078125,6970.73583984375,269684600,0.0,0.0
2024-06-03 00:00:00+07:00,7030.20703125,7088.40087890625,6993.09423828125,7036.19091796875,141774800,0.0,0.0
2024-06-04 00:00:00+07:00,7071.09423828125,7149.19287109375,7065.0341796875,7099.31201171875,160663800,0.0,0.0
2024-06-05 00:00:00+07:00,7114.53515625,7118.34912109375,6934.94287109375,6947.669921875,137116300,0.0,0.0
2024-06-06 00:00:00+07:00,6992.56298828125,7032.57421875,6939.5458984375,6974.89697265625,129986000,0.0,0.0
2024-06-07 00:00:00+07:00,6987.7939453125,6994.115234375,6887.81201171875,6897.9501953125,109886700,0.0,0.0
2024-06-10 00:00:00+07:00,6910.72021484375,6929.09716796875,6846.380859375,6921.5478515625,228419200,0.0,0.0
2024-06-11 00:00:00+07:00,6900.31005859375,6932.4619140625,6855.69091796875,6855.69091796875,150124200,0.0,0.0
2024-06-12 00:00:00+07:00,6859.34912109375,6866.26611328125,6821.5078125,6850.09716796875,165086100,0.0,0.0
2024-06-13 00:00:00+07:00,6893.8408203125,6896.65283203125,6831.56396484375,6831.56396484375,154352200,0.0,0.0
2024-06-14 00:00:00+07:00,6829.9931640625,6840.19677734375,6713.27197265625,6734.83203125,143790500,0.0,0.0
2024-06-19 00:00:00+07:00,6739.89501953125,6791.52685546875,6698.84814453125,6726.9189453125,215680300,0.0,0.0
2024-06-20 00:00:00+07:00,6751.23583984375,6825.55517578125,6728.40185546875,6819.32080078125,138884000,0.0,0.0
2024-06-21 00:00:00+07:00,6838.47802734375,6945.833984375,6823.06201171875,6879.97802734375,202168500,0.0,0.0
2024-06-24 00:00:00+07:00,6877.4677734375,6914.81201171875,6870.30517578125,6889.1650390625,113953400,0.0,0.0
2024-06-25 00:00:00+07:00,6874.8671875,6890.44287109375,6843.64697265625,6882.7041015625,103645300,0.0,0.0
2024-06-26 00:00:00+07:00,6885.81591796875,6936.26220703125,6885.40283203125,6905.64208984375,111785600,0.0,0.0
2024-06-27 00:00:00+07:00,6929.14501953125,6968.13623046875,6915.830078125,6967.951171875,85223100,0.0,0.0
2024-06-28 00:00:00+07:00,6989.3740234375,7084.623046875,6987.80078125,7063.5771484375,104714500,0.0,0.0
2024-07-01 00:00:00+07:00,7076.6259765625,7139.6259765625,7075.375,7139.6259765625,108297900,0.0,0.0
2024-07-02 00:00:00+07:00,7149.0439453125,7176.869140625,7099.0498046875,7125.14208984375,121880100,0.0,0.0
2024-07-03 00:00:00+07:00,7153.76611328125,7196.7548828125,7126.81494140625,7196.7548828125,126775400,0.0,0.0
2024-07-04 00:00:00+07:00,7212.703125,7262.837890625,7204.43896484375,7220.88916015625,158574300,0.0,0.0
2024-07-05 00:00:00+07:00,7248.72314453125,7275.93798828125,7213.39013671875,7253.3720703125,130902100,0.0,0.0
2024-07-08 00:00:00+07:00,7261.98291015625,7265.083984375,7215.4677734375,7250.97705078125,160069900,0.0,0.0
2024-07-09 00:00:00+07:00,7254.1572265625,7302.94189453125,7239.63818359375,7269.80078125,136101900,0.0,0.0
2024-07-10 00:00:00+07:00,7283.18896484375,7313.2001953125,7272.1220703125,7287.0419921875,214279500,0.0,0.0
2024-07-11 00:00:00+07:00,7302.5048828125,7328.26904296875,7274.06201171875,7300.4072265625,146390900,0.0,0.0
2024-07-12 00:00:00+07:00,7336.48388671875,7354.1630859375,7300.7451171875,7327.580078125,130722300,0.0,0.0
2024-07-15 00:00:00+07:00,7336.30810546875,7346.10400390625,7252.81103515625,7278.86279296875,107422000,0.0,0.0
2024-07-16 00:00:00+07:00,7289.80908203125,7294.7919921875,7213.2841796875,7224.29296875,107863200,0.0,0.0
2024-07-17 00:00:00+07:00,7261.22021484375,7265.0869140625,7207.5830078125,7224.2177734375,218209000,0.0,0.0
2024-07-18 00:00:00+07:00,7231.72998046875,7330.80810546875,7220.09619140625,7321.07080078125,146217900,0.0,0.0
2024-07-19 00:00:00+07:00,7304.27880859375,7315.13916015625,7249.81689453125,7294.4951171875,125286800,0.0,0.0
2024-07-22 00:00:00+07:00,7316.248046875,7341.908203125,7301.4189453125,7321.97607421875,140918600,0.0,0.0
2024-07-23 00:00:00+07:00,7336.27685546875,7347.01708984375,7293.30908203125,7313.85693359375,251719000,0.0,0.0
2024-07-24 00:00:00+07:00,7298.5078125,7311.15185546875,7249.27685546875,7262.7587890625,149278800,0.0,0.0
2024-07-25 00:00:00+07:00,7264.2138671875,7268.046875,7207.81787109375,7240.27685546875,125922000,0.0,0.0
2024-07-26 00:00:00+07:00,7262.1298828125,7298.9560546875,7256.5341796875,7288.1669921875,128745600,0.0,0.0
2024-07-29 00:00:00+07:00,7304.59814453125,7333.89892578125,7274.2529296875,7288.89697265625,131946800,0.0,0.0
2024-07-30 00:00:00+07:00,7283.9169921875,7292.55517578125,7226.7822265625,7241.86376953125,124088300,0.0,0.0
2024-07-31 00:00:00+07:00,7251.80419921875,7275.18603515625,7226.49609375,7255.76220703125,140459400,0.0,0.0
2024-08-01 00:00:00+07:00,7274.51708984375,7325.98486328125,7258.8740234375,7325.98486328125,119012300,0.0,0.0
2024-08-02 00:00:00+07:00,7304.0859375,7337.98095703125,7264.0078125,7308.123046875,130681400,0.0,0.0
2024-08-05 00:00:00+07:00,7254.61279296875,7257.47607421875,6998.81103515625,7059.65283203125,196047200,0.0,0.0
2024-08-06 00:00:00+07:00,7098.6728515625,7167.259765625,7066.5009765625,7129.21484375,122457600,0.0,0.0
2024-08-07 00:00:00+07:00,7149.5087890625,7246.2578125,7147.29296875,7212.130859375,128572200,0.0,0.0
2024-08-08 00:00:00+07:00,7212.7412109375,7234.44677734375,7181.76611328125,7195.12109375,125248900,0.0,0.0
2024-08-09 00:00:00+07:00,7219.98388671875,7267.421875,7219.9228515625,7256.99609375,112712600,0.0,0.0
2024-08-12 00:00:00+07:00,7265.15087890625,7297.625,7230.78515625,7297.625,156405500,0.0,0.0
2024-08-13 00:00:00+07:00,7316.42822265625,7366.65087890625,7286.5498046875,7356.63818359375,146066800,0.0,0.0
2024-08-14 00:00:00+07:00,7377.0068359375,7445.6640625,7372.89111328125,7436.0390625,168060500,0.0,0.0
2024-08-15 00:00:00+07:00,7442.91015625,7460.38720703125,7386.73681640625,7409.5009765625,150416800,0.0,0.0
2024-08-16 00:00:00+07:00,7443.93505859375,7459.7490234375,7417.20703125,7432.08984375,151268200,0.0,0.0
2024-08-19 00:00:00+07:00,7428.7412109375,7466.8310546875,7420.3759765625,7466.8310546875,138674400,0.0,0.0
2024-08-20 00:00:00+07:00,7490.31982421875,7538.1572265625,7482.5048828125,7533.98486328125,183613200,0.0,0.0
2024-08-21 00:00:00+07:00,7563.08203125,7594.546875,7543.63916015625,7554.5927734375,199930800,0.0,0.0
2024-08-22 00:00:00+07:00,7531.34716796875,7540.27294921875,7460.40380859375,7488.67578125,140745300,0.0,0.0
2024-08-23 00:00:00+07:00,7510.6640625,7567.51416015625,7507.73779296875,7544.2978515625,128771000,0.0,0.0
2024-08-26 00:00:00+07:00,7549.412109375,7619.90283203125,7549.412109375,7606.19482421875,142108800,0.0,0.0
2024-08-27 00:00:00+07:00,7598.4638671875,7610.201171875,7547.26318359375,7597.880859375,141150100,0.0,0.0
2024-08-28 00:00:00+07:00,7604.3271484375,7672.287109375,7581.048828125,7658.875,152042100,0.0,0.0
2024-08-29 00:00:00+07:00,7679.52783203125,7715.7587890625,7627.60400390625,7627.60400390625,153940300,0.0,0.0
2024-08-30 00:00:00+07:00,7642.77880859375,7673.18212890625,7616.34521484375,7670.73291015625,194479000,0.0,0.0
2024-09-02 00:00:00+07:00,7686.5390625,7726.18798828125,7669.921875,7694.52978515625,156165700,0.0,0.0
2024-09-03 00:00:00+07:00,7706.65087890625,7726.662109375,7598.46923828125,7616.52099609375,165704700,0.0,0.0
2024-09-04 00:00:00+07:00,7577.09619140625,7672.89599609375,7546.048828125,7672.89599609375,147636500,0.0,0.0
2024-09-05 00:00:00+07:00,7679.64892578125,7722.22509765625,7650.80419921875,7681.04296875,137717400,0.0,0.0
2024-09-06 00:00:00+07:00,7684.81201171875,7754.47509765625,7683.7041015625,7721.84619140625,122729500,0.0,0.0
2024-09-09 00:00:00+07:00,7729.2548828125,7748.3251953125,7654.72509765625,7702.73876953125,138539000,0.0,0.0
2024-09-10 00:00:00+07:00,7725.283203125,7764.77978515625,7723.30078125,7761.38818359375,196539800,0.0,0.0
2024-09-11 00:00:00+07:00,7770.26806640625,7802.47607421875,7736.78076171875,7760.955078125,171932600,0.0,0.0
2024-09-12 00:00:00+07:00,7782.01611328125,7833.27197265625,7782.01611328125,7798.15380859375,252749100,0.0,0.0
2024-09-13 00:00:00+07:00,7805.68994140625,7828.9658203125,7775.63623046875,7812.130859375,162457200,0.0,0.0
2024-09-17 00:00:00+07:00,7832.52490234375,7854.01806640625,7802.27001953125,7831.77880859375,216113800,0.0,0.0
2024-09-18 00:00:00+07:00,7845.81396484375,7879.0439453125,7818.9599609375,7829.134765625,241800200,0.0,0.0
2024-09-19 00:00:00+07:00,7858.11279296875,7910.55615234375,7853.35302734375,7905.39013671875,259454000,0.0,0.0
2024-09-20 00:00:00+07:00,7904.39501953125,7904.51318359375,7738.32080078125,7743.00390625,317741900,0.0,0.0
2024-09-23 00:00:00+07:00,7743.201171875,7775.73095703125,7675.291015625,7775.73095703125,260227800,0.0,0.0
2024-09-24 00:00:00+07:00,7774.55615234375,7810.5400390625,7717.8388671875,7778.4912109375,182808900,0.0,0.0
2024-09-25 00:00:00+07:00,7747.85498046875,7760.8837890625,7633.44677734375,7740.90185546875,276661800,0.0,0.0
2024-09-26 00:00:00+07:00,7723.09716796875,7763.0810546875,7673.0478515625,7744.51611328125,202756700,0.0,0.0
2024-09-27 00:00:00+07:00,7713.7998046875,7736.916015625,7663.47607421875,7696.916015625,190512300,0.0,0.0
2024-09-30 00:00:00+07:00,7674.2861328125,7679.2421875,7527.92919921875,7527.92919921875,222223500,0.0,0.0
2024-10-01 00:00:00+07:00,7551.4619140625,7642.1328125,7547.11083984375,7642.1328125,206962900,0.0,0.0
2024-10-02 00:00:00+07:00,7601.73779296875,7619.10400390625,7501.4599609375,7563.26220703125,315317300,0.0,0.0
2024-10-03 00:00:00+07:00,7567.44921875,7581.333984375,7504.4072265625,7543.828125,189365800,0.0,0.0
2024-10-04 00:00:00+07:00,7531.7919921875,7549.23291015625,7467.7958984375,7496.0908203125,223945300,0.0,0.0
2024-10-07 00:00:00+07:00,7493.6572265625,7540.23583984375,7450.1982421875,7504.134765625,235809600,0.0,0.0
2024-10-08 00:00:00+07:00,7486.72119140625,7592.8837890625,7449.47900390625,7557.14208984375,194830700,0.0,0.0
2024-10-09 00:00:00+07:00,7556.55517578125,7595.576171875,7501.216796875,7501.28515625,169190500,0.0,0.0
2024-10-10 00:00:00+07:00,7501.869140625,7528.953125,7467.81884765625,7480.080078125,157952700,0.0,0.0
2024-10-11 00:00:00+07:00,7520.52978515625,7549.541015625,7506.27587890625,7520.60205078125,159472100,0.0,0.0
2024-10-14 00:00:00+07:00,7518.81298828125,7570.26708984375,7518.81298828125,7559.65478515625,205872100,0.0,0.0
2024-10-15 00:00:00+07:00,7579.0458984375,7635.0439453125,7573.4521484375,7626.951171875,218732600,0.0,0.0
2024-10-16 00:00:00+07:00,7645.2119140625,7658.39794921875,7616.60400390625,7648.93994140625,197424300,0.0,0.0
2024-10-17 00:00:00+07:00,7661.0732421875,7758.669921875,7657.72119140625,7735.0390625,224594300,0.0,0.0
2024-10-18 00:00:00+07:00,7762.15185546875,7790.7109375,7718.6767578125,7760.06005859375,234291900,0.0,0.0
2024-10-21 00:00:00+07:00,7780.2451171875,7795.0869140625,7739.88720703125,7772.59619140625,246855900,0.0,0.0
2024-10-22 00:00:00+07:00,7752.3837890625,7801.40380859375,7731.9609375,7788.98291015625,286785700,0.0,0.0
2024-10-23 00:00:00+07:00,7774.009765625,7805.9169921875,7761.251953125,7787.56494140625,269650200,0.0,0.0
2024-10-24 00:00:00+07:00,7778.65576171875,7794.86279296875,7716.548828125,7716.548828125,242869700,0.0,0.0
2024-10-25 00:00:00+07:00,7717.42578125,7752.2509765625,7678.17822265625,7694.66015625,205788500,0.0,0.0
2024-10-28 00:00:00+07:00,7705.873046875,7714.73876953125,7599.62109375,7634.630859375,197205700,0.0,0.0
2024-10-29 00:00:00+07:00,7625.4677734375,7666.43017578125,7587.2099609375,7606.60009765625,182774700,0.0,0.0
2024-10-30 00:00:00+07:00,7558.7958984375,7581.9091796875,7521.73486328125,7569.85009765625,168203300,0.0,0.0
2024-10-31 00:00:00+07:00,7569.71923828125,7617.36279296875,7558.68310546875,7574.01904296875,203290200,0.0,0.0
2024-11-01 00:00:00+07:00,7573.7939453125,7583.68798828125,7485.45703125,7505.2568359375,155270800,0.0,0.0
2024-11-04 00:00:00+07:00,7505.11083984375,7529.703125,7415.80908203125,7479.5029296875,212287900,0.0,0.0
2024-11-05 00:00:00+07:00,7474.4521484375,7496.99609375,7451.5478515625,7491.93115234375,182653900,0.0,0.0
2024-11-06 00:00:00+07:00,7495.130859375,7506.60107421875,7363.03076171875,7383.8681640625,235788800,0.0,0.0
2024-11-07 00:00:00+07:00,7373.56689453125,7381.7578125,7243.85986328125,7243.85986328125,204087800,0.0,0.0
2024-11-08 00:00:00+07:00,7263.9619140625,7350.36181640625,7263.9619140625,7287.19091796875,148863600,0.0,0.0
2024-11-11 00:00:00+07:00,7259.2900390625,7282.19580078125,7182.31201171875,7266.4599609375,221004900,0.0,0.0
2024-11-12 00:00:00+07:00,7271.173828125,7344.07421875,7268.60888671875,7321.98583984375,287694700,0.0,0.0
2024-11-13 00:00:00+07:00,7344.0078125,7370.39306640625,7304.873046875,7308.6708984375,226286700,0.0,0.0
2024-11-14 00:00:00+07:00,7303.90087890625,7318.77587890625,7214.56103515625,7214.56103515625,209423400,0.0,0.0
2024-11-15 00:00:00+07:00,7192.208984375,7241.6591796875,7122.67578125,7161.2578125,213100000,0.0,0.0
2024-11-18 00:00:00+07:00,7152.076171875,7174.7529296875,7118.869140625,7134.27685546875,191734000,0.0,0.0
2024-11-19 00:00:00+07:00,7140.19482421875,7229.8310546875,7136.69091796875,7195.71484375,205098000,0.0,0.0
2024-11-20 00:00:00+07:00,7213.9951171875,7229.7060546875,7171.26513671875,7180.3349609375,164074200,0.0,0.0
2024-11-21 00:00:00+07:00,7168.326171875,7209.35791015625,7140.912109375,7140.912109375,155717100,0.0,0.0
2024-11-22 00:00:00+07:00,7154.68212890625,7215.68701171875,7154.4521484375,7195.56494140625,205841500,0.0,0.0
2024-11-25 00:00:00+07:00,7218.9521484375,7329.4921875,7218.828125,7314.10791015625,264819900,0.0,0.0
2024-11-26 00:00:00+07:00,7329.5322265625,7341.59521484375,7245.88818359375,7245.88818359375,164096700,0.0,0.0
2024-11-28 00:00:00+07:00,7215.9072265625,7249.69287109375,7195.66796875,7200.1572265625,178995100,0.0,0.0
2024-11-29 00:00:00+07:00,7168.00390625,7189.12890625,7107.2841796875,7114.26611328125,218431100,0.0,0.0
2024-12-02 00:00:00+07:00,7117.75390625,7153.02978515625,7041.341796875,7046.98583984375,163941100,0.0,0.0
2024-12-03 00:00:00+07:00,7104.93017578125,7196.01708984375,7102.216796875,7196.01708984375,176316700,0.0,0.0
2024-12-04 00:00:00+07:00,7198.09814453125,7328.32421875,7187.47802734375,7326.76416015625,166379200,0.0,0.0
2024-12-05 00:00:00+07:00,7326.02392578125,7338.60400390625,7283.5,7313.31298828125,131417800,0.0,0.0
2024-12-06 00:00:00+07:00,7302.6650390625,7382.80908203125,7287.59619140625,7382.78515625,130161700,0.0,0.0
2024-12-09 00:00:00+07:00,7382.61376953125,7440.97900390625,7380.66015625,7437.73095703125,230130900,0.0,0.0
2024-12-10 00:00:00+07:00,7448.76806640625,7457.80517578125,7396.7900390625,7453.287109375,203350400,0.0,0.0
2024-12-11 00:00:00+07:00,7444.85888671875,7530.55908203125,7444.173828125,7464.751953125,235486300,0.0,0.0
2024-12-12 00:00:00+07:00,7441.97314453125,7470.89404296875,7380.02685546875,7394.23779296875,147665300,0.0,0.0
2024-12-13 00:00:00+07:00,7379.7509765625,7399.89697265625,7324.7890625,7324.7890625,120050700,0.0,0.0
2024-12-16 00:00:00+07:00,7304.2177734375,7320.794921875,7204.65380859375,7258.630859375,186546900,0.0,0.0
2024-12-17 00:00:00+07:00,7238.173828125,7263.31494140625,7132.05712890625,7157.73193359375,157427600,0.0,0.0
2024-12-18 00:00:00+07:00,7168.966796875,7216.8828125,7105.06787109375,7107.875,122373300,0.0,0.0
2024-12-19 00:00:00+07:00,7034.6171875,7040.548828125,6951.0517578125,6977.23779296875,170862900,0.0,0.0
2024-12-20 00:00:00+07:00,6980.1748046875,7032.40087890625,6931.5810546875,6983.865234375,145749700,0.0,0.0
2024-12-23 00:00:00+07:00,7037.52978515625,7096.44482421875,7035.72705078125,7096.44482421875,138664700,0.0,0.0
2024-12-24 00:00:00+07:00,7115.63720703125,7120.576171875,7063.7548828125,7065.74609375,110632900,0.0,0.0
2024-12-27 00:00:00+07:00,7073.375,7100.27001953125,7024.71484375,7036.57080078125,144277600,0.0,0.0
2024-12-30 00:00:00+07:00,7026.77685546875,7079.90478515625,6993.07177734375,7079.90478515625,159672400,0.0,0.0
2025-01-02 00:00:00+07:00,7092.42919921875,7163.205078125,7088.31982421875,7163.205078125,161752600,0.0,0.0
2025-01-03 00:00:00+07:00,7177.25,7197.0078125,7135.27587890625,7164.42919921875,182944400,0.0,0.0
2025-01-06 00:00:00+07:00,7176.1162109375,7182.01904296875,7073.9541015625,7080.47412109375,192190300,0.0,0.0
2025-01-07 00:00:00+07:00,7074.259765625,7103.18505859375,7029.51220703125,7083.2841796875,144709900,0.0,0.0
2025-01-08 00:00:00+07:00,7099.658203125,7129.2939453125,7046.169921875,7080.35205078125,147124800,0.0,0.0
2025-01-09 00:00:00+07:00,7093.25390625,7106.4580078125,7062.09521484375,7064.587890625,148465600,0.0,0.0
2025-01-10 00:00:00+07:00,7076.90478515625,7121.62890625,7074.14404296875,7088.8662109375,166170500,0.0,0.0
2025-01-13 00:00:00+07:00,7076.6982421875,7089.56982421875,6986.5927734375,7016.87890625,149887800,0.0,0.0
2025-01-14 00:00:00+07:00,7014.798828125,7042.3310546875,6956.6650390625,6956.6650390625,151037100,0.0,0.0
2025-01-15 00:00:00+07:00,6992.84814453125,7084.56494140625,6977.77294921875,7079.56201171875,173538400,0.0,0.0
2025-01-16 00:00:00+07:00,7165.17578125,7190.61181640625,7071.9111328125,7107.51904296875,144790100,0.0,0.0
2025-01-17 00:00:00+07:00,7115.05322265625,7178.81494140625,7084.2978515625,7154.658203125,197761000,0.0,0.0
2025-01-20 00:00:00+07:00,7188.40185546875,7201.60693359375,7165.44384765625,7170.73681640625,183080100,0.0,0.0
2025-01-21 00:00:00+07:00,7207.59423828125,7221.73095703125,7176.33203125,7181.81982421875,176177100,0.0,0.0
2025-01-22 00:00:00+07:00,7227.02197265625,7267.48681640625,7223.255859375,7257.1279296875,146457400,0.0,0.0
2025-01-23 00:00:00+07:00,7275.0009765625,7324.6259765625,7232.64306640625,7232.64306640625,142025900,0.0,0.0
2025-01-24 00:00:00+07:00,7255.02294921875,7261.4482421875,7166.05615234375,7166.05615234375,122224300,0.0,0.0
2025-01-30 00:00:00+07:00,7142.787109375,7150.29296875,7042.68798828125,7073.47802734375,156862200,0.0,0.0
2025-01-31 00:00:00+07:00,7113.5751953125,7174.7451171875,7095.67822265625,7109.19580078125,125561900,0.0,0.0
2025-02-03 00:00:00+07:00,7087.751953125,7089.69677734375,6933.14306640625,7030.05810546875,135419500,0.0,0.0
2025-02-04 00:00:00+07:00,7051.48486328125,7125.94287109375,7037.625,7073.458984375,250749100,0.0,0.0
2025-02-05 00:00:00+07:00,7071.5771484375,7079.4619140625,7002.52099609375,7024.22802734375,247130700,0.0,0.0
2025-02-06 00:00:00+07:00,7030.18896484375,7033.619140625,6830.11181640625,6875.5361328125,170868800,0.0,0.0
2025-02-07 00:00:00+07:00,6758.10400390625,6769.78076171875,6656.72412109375,6742.576171875,152142600,0.0,0.0
2025-02-10 00:00:00+07:00,6681.23388671875,6713.9521484375,6585.98486328125,6648.14208984375,153503000,0.0,0.0
2025-02-11 00:00:00+07:00,6629.81494140625,6658.23095703125,6500.4638671875,6531.990234375,146025200,0.0,0.0
2025-02-12 00:00:00+07:00,6540.94677734375,6645.77783203125,6537.47607421875,6645.77783203125,141288200,0.0,0.0
2025-02-13 00:00:00+07:00,6637.419921875,6647.10498046875,6565.77685546875,6613.56787109375,126053300,0.0,0.0
2025-02-14 00:00:00+07:00,6640.130859375,6679.39697265625,6609.6708984375,6638.458984375,121300000,0.0,0.0
2025-02-17 00:00:00+07:00,6663.30517578125,6830.8818359375,6658.22021484375,6830.8818359375,136644900,0.0,0.0
2025-02-18 00:00:00+07:00,6847.76611328125,6908.7001953125,6830.77587890625,6873.55419921875,158584300,0.0,0.0
2025-02-19 00:00:00+07:00,6877.1572265625,6886.9228515625,6773.9072265625,6794.8681640625,159932500,0.0,0.0
2025-02-20 00:00:00+07:00,6796.669921875,6836.72314453125,6755.43017578125,6788.0419921875,168907900,0.0,0.0
2025-02-21 00:00:00+07:00,6788.89599609375,6814.8662109375,6758.35302734375,6803.0009765625,131140300,0.0,0.0
2025-02-24 00:00:00+07:00,6801.67578125,6818.7939453125,6732.4091796875,6749.60107421875,156247700,0.0,0.0
2025-02-25 00:00:00+07:00,6749.43701171875,6772.64990234375,6576.96923828125,6587.0869140625,194167900,0.0,0.0
2025-02-26 00:00:00+07:00,6627.02099609375,6682.869140625,6547.2412109375,6606.17822265625,135195100,0.0,0.0
2025-02-27 00:00:00+07:00,6609.88818359375,6626.259765625,6443.22021484375,6485.4482421875,156489700,0.0,0.0
2025-02-28 00:00:00+07:00,6446.64404296875,6447.8828125,6246.27880859375,6270.59716796875,196893700,0.0,0.0
2025-03-03 00:00:00+07:00,6362.14892578125,6570.951171875,6347.09521484375,6519.658203125,170810200,0.0,0.0
2025-03-04 00:00:00+07:00,6524.701171875,6528.96923828125,6361.40380859375,6380.40087890625,149084200,0.0,0.0
2025-03-05 00:00:00+07:00,6404.68896484375,6570.81982421875,6404.68896484375,6531.39892578125,143533500,0.0,0.0
2025-03-06 00:00:00+07:00,6577.84521484375,6667.89306640625,6573.798828125,6617.84716796875,138941500,0.0,0.0
2025-03-07 00:00:00+07:00,6631.31103515625,6682.93798828125,6577.83203125,6636.0,198389400,0.0,0.0
2025-03-10 00:00:00+07:00,6618.9169921875,6629.44189453125,6568.1259765625,6598.2119140625,153564400,0.0,0.0
2025-03-11 00:00:00+07:00,6535.8701171875,6567.5849609375,6499.041015625,6545.85009765625,150016300,0.0,0.0
2025-03-12 00:00:00+07:00,6566.798828125,6665.044921875,6566.203125,6665.044921875,139690400,0.0,0.0
2025-03-13 00:00:00+07:00,6700.10693359375,6707.38623046875,6618.5390625,6647.4169921875,139851000,0.0,0.0
2025-03-14 00:00:00+07:00,6623.69091796875,6632.078125,6514.69189453125,6515.630859375,122970500,0.0,0.0
2025-03-17 00:00:00+07:00,6490.6708984375,6557.41015625,6445.97509765625,6471.94677734375,126321100,0.0,0.0
2025-03-18 00:00:00+07:00,6458.666015625,6465.22412109375,6011.841796875,6223.38818359375,233069600,0.0,0.0
2025-03-19 00:00:00+07:00,6221.19580078125,6332.73486328125,6147.42578125,6311.66015625,126795800,0.0,0.0
2025-03-20 00:00:00+07:00,6372.61083984375,6446.88916015625,6353.69384765625,6381.673828125,146168800,0.0,0.0
2025-03-21 00:00:00+07:00,6418.39013671875,6426.1650390625,6218.60107421875,6258.17919921875,190225100,0.0,0.0
2025-03-24 00:00:00+07:00,6242.23486328125,6269.90380859375,5967.19384765625,6161.2177734375,124187900,0.0,0.0
2025-03-25 00:00:00+07:00,6197.98681640625,6265.2958984375,6178.490234375,6235.619140625,111267000,0.0,0.0
2025-03-26 00:00:00+07:00,6314.3291015625,6489.14892578125,6312.966796875,6472.35595703125,159762700,0.0,0.0
2025-03-27 00:00:00+07:00,6462.59619140625,6510.6201171875,6417.240234375,6510.6201171875,121855500,0.0,0.0
2025-04-08 00:00:00+07:00,5914.2880859375,6036.55419921875,5882.60498046875,5996.14208984375,184790800,0.0,0.0
2025-04-09 00:00:00+07:00,5978.44091796875,6092.412109375,5949.60107421875,5967.98779296875,150044400,0.0,0.0
2025-04-10 00:00:00+07:00,6270.61083984375,6310.8251953125,6188.669921875,6254.02392578125,181443500,0.0,0.0
2025-04-11 00:00:00+07:00,6195.56787109375,6298.77783203125,6148.77587890625,6262.22607421875,117642700,0.0,0.0
2025-04-14 00:00:00+07:00,6225.3369140625,6404.06982421875,6225.3369140625,6368.51708984375,149701700,0.0,0.0
2025-04-15 00:00:00+07:00,6444.341796875,6497.5322265625,6395.9267578125,6441.68310546875,147079600,0.0,0.0
2025-04-16 00:00:00+07:00,6461.27392578125,6469.59716796875,6373.7900390625,6400.05419921875,142022700,0.0,0.0
2025-04-17 00:00:00+07:00,6407.02099609375,6438.26904296875,6384.28515625,6438.26904296875,131124200,0.0,0.0
2025-04-21 00:00:00+07:00,6450.31396484375,6472.5380859375,6406.80322265625,6445.966796875,108855100,0.0,0.0
2025-04-22 00:00:00+07:00,6455.0791015625,6538.32177734375,6428.10498046875,6538.26611328125,150312500,0.0,0.0
2025-04-23 00:00:00+07:00,6589.3271484375,6642.9150390625,6588.2568359375,6634.376953125,184488000,0.0,0.0
2025-04-24 00:00:00+07:00,6671.06787109375,6697.90087890625,6585.4560546875,6613.47802734375,159090300,0.0,0.0
2025-04-25 00:00:00+07:00,6660.619140625,6683.36083984375,6640.77783203125,6678.9150390625,169030400,0.0,0.0
2025-04-28 00:00:00+07:00,6716.21484375,6738.35205078125,6688.77978515625,6722.9658203125,164549400,0.0,0.0
2025-04-29 00:00:00+07:00,6748.98779296875,6763.88720703125,6724.31787109375,6749.0751953125,193012300,0.0,0.0
2025-04-30 00:00:00+07:00,6755.4638671875,6791.2529296875,6725.966796875,6766.794921875,210149800,0.0,0.0
2025-05-02 00:00:00+07:00,6811.10986328125,6818.27978515625,6765.8310546875,6815.72998046875,183083600,0.0,0.0
2025-05-05 00:00:00+07:00,6844.37109375,6879.10888671875,6824.39697265625,6831.9521484375,194998400,0.0,0.0
2025-05-06 00:00:00+07:00,6860.44580078125,6913.68798828125,6858.15087890625,6898.19677734375,162346800,0.0,0.0
2025-05-07 00:00:00+07:00,6925.251953125,6970.5,6909.9609375,6926.22509765625,187668100,0.0,0.0
2025-05-08 00:00:00+07:00,6945.98388671875,6965.93408203125,6824.64990234375,6827.75,260892400,0.0,0.0
2025-05-09 00:00:00+07:00,6849.44921875,6882.31787109375,6811.77294921875,6832.80322265625,164380000,0.0,0.0
2025-05-14 00:00:00+07:00,6915.95703125,6987.78076171875,6914.75390625,6979.8798828125,272470100,0.0,0.0
2025-05-15 00:00:00+07:00,7003.14697265625,7076.73681640625,7002.37109375,7040.1611328125,343582300,0.0,0.0
2025-05-16 00:00:00+07:00,7092.23486328125,7106.52587890625,7009.84619140625,7106.52587890625,239677400,0.0,0.0
2025-05-19 00:00:00+07:00,7113.44287109375,7160.6591796875,7085.97314453125,7141.0908203125,227261200,0.0,0.0
2025-05-20 00:00:00+07:00,7164.14697265625,7202.81689453125,7088.623046875,7094.60205078125,219667500,0.0,0.0
2025-05-21 00:00:00+07:00,7114.69921875,7170.72412109375,7109.22119140625,7142.4609375,228188900,0.0,0.0
2025-05-22 00:00:00+07:00,7165.10009765625,7190.6689453125,7136.7841796875,7166.98095703125,201247200,0.0,0.0
2025-05-23 00:00:00+07:00,7206.35791015625,7223.2529296875,7177.2451171875,7214.1630859375,152151100,0.0,0.0
2025-05-26 00:00:00+07:00,7231.47705078125,7240.083984375,7129.38818359375,7188.35302734375,331040000,0.0,0.0
2025-05-27 00:00:00+07:00,7204.171875,7212.56884765625,7162.9609375,7198.966796875,245398700,0.0,0.0
2025-05-28 00:00:00+07:00,7223.51318359375,7237.3408203125,7166.67822265625,7175.81884765625,277488600,0.0,0.0
2025-06-02 00:00:00+07:00,7134.48681640625,7152.912109375,7035.837890625,7065.06884765625,240143000,0.0,0.0
2025-06-03 00:00:00+07:00,7071.63818359375,7090.35107421875,6994.15576171875,7044.82177734375,199730400,0.0,0.0
2025-06-04 00:00:00+07:00,7083.23876953125,7094.44677734375,7052.9140625,7069.037109375,232777400,0.0,0.0
2025-06-05 00:00:00+07:00,7100.23583984375,7136.64306640625,7083.89208984375,7113.4248046875,193147800,0.0,0.0
2025-06-10 00:00:00+07:00,7136.86279296875,7230.7451171875,7133.37890625,7230.7451171875,265169800,0.0,0.0
2025-06-11 00:00:00+07:00,7232.68115234375,7239.955078125,7172.203125,7222.4560546875,262581600,0.0,0.0
2025-06-12 00:00:00+07:00,7219.56103515625,7237.27490234375,7191.90478515625,7204.3701171875,281607200,0.0,0.0
2025-06-13 00:00:00+07:00,7191.1240234375,7192.6630859375,7149.60986328125,7166.06494140625,230230400,0.0,0.0
2025-06-16 00:00:00+07:00,7158.90380859375,7211.5439453125,7117.5908203125,7117.5908203125,224577700,0.0,0.0
2025-06-17 00:00:00+07:00,7163.02685546875,7181.466796875,7143.60400390625,7155.85205078125,173034400,0.0,0.0
2025-06-18 00:00:00+07:00,7155.1240234375,7166.66796875,7089.455078125,7107.7890625,180387400,0.0,0.0
2025-06-19 00:00:00+07:00,7107.7861328125,7115.90380859375,6935.009765625,6968.63916015625,222226000,0.0,0.0
2025-06-20 00:00:00+07:00,6948.2841796875,6956.80517578125,6873.7158203125,6907.13818359375,331625100,0.0,0.0
2025-06-23 00:00:00+07:00,6833.47509765625,6834.76904296875,6745.14697265625,6787.14013671875,226947900,0.0,0.0
2025-06-24 00:00:00+07:00,6864.27880859375,6924.96923828125,6852.11279296875,6869.1708984375,186087300,0.0,0.0
2025-06-25 00:00:00+07:00,6908.9248046875,6918.783203125,6814.73583984375,6832.14306640625,170914900,0.0,0.0
2025-06-26 00:00:00+07:00,6842.01220703125,6897.39990234375,6817.4111328125,6897.39990234375,154075100,0.0,0.0
2025-06-30 00:00:00+07:00,6936.06494140625,6949.27978515625,6876.2587890625,6927.67919921875,167652600,0.0,0.0
2025-07-01 00:00:00+07:00,6954.38623046875,6971.23876953125,6885.13818359375,6915.35986328125,149285200,0.0,0.0
2025-07-02 00:00:00+07:00,6896.421875,6905.369140625,6838.40380859375,6881.2451171875,182041600,0.0,0.0
2025-07-03 00:00:00+07:00,6898.630859375,6922.73388671875,6877.43798828125,6878.05078125,154435700,0.0,0.0
2025-07-04 00:00:00+07:00,6893.2177734375,6916.673828125,6843.69091796875,6865.19189453125,132824800,0.0,0.0
2025-07-07 00:00:00+07:00,6874.0078125,6900.93212890625,6844.86083984375,6900.93212890625,120827500,0.0,0.0
2025-07-08 00:00:00+07:00,6892.3408203125,6916.8330078125,6885.2822265625,6904.39208984375,151801800,0.0,0.0
2025-07-09 00:00:00+07:00,6918.69921875,6943.921875,6907.212890625,6943.921875,157353100,0.0,0.0
2025-07-10 00:00:00+07:00,6968.7978515625,7013.6298828125,6955.455078125,7005.37109375,167684600,0.0,0.0
2025-07-11 00:00:00+07:00,7036.2958984375,7055.794921875,7026.48779296875,7047.43798828125,165301900,0.0,0.0
2025-07-14 00:00:00+07:00,7130.53515625,7136.2958984375,7071.34423828125,7097.15087890625,205642100,0.0,0.0
2025-07-15 00:00:00+07:00,7122.0830078125,7161.8359375,7079.0,7140.47412109375,199389400,0.0,0.0
2025-07-16 00:00:00+07:00,7182.64501953125,7216.81396484375,7142.86181640625,7192.01806640625,227976400,0.0,0.0
2025-07-17 00:00:00+07:00,7229.259765625,7291.56396484375,7226.1171875,7287.02099609375,202116700,0.0,0.0
2025-07-18 00:00:00+07:00,7346.037109375,7401.5791015625,7311.9150390625,7311.9150390625,273828000,0.0,0.0
2025-07-21 00:00:00+07:00,7366.31005859375,7408.01220703125,7306.8720703125,7398.19189453125,287814600,0.0,0.0
2025-07-22 00:00:00+07:00,7440.2861328125,7457.380859375,7344.73583984375,7344.73583984375,279326600,0.0,0.0
2025-07-23 00:00:00+07:00,7378.23095703125,7469.22998046875,7354.99609375,7469.22998046875,247067700,0.0,0.0
2025-07-24 00:00:00+07:00,7485.08203125,7568.22314453125,7478.36376953125,7530.90185546875,242813700,0.0,0.0
2025-07-25 00:00:00+07:00,7542.375,7552.77490234375,7515.125,7543.5029296875,215990900,0.0,0.0
2025-07-28 00:00:00+07:00,7630.751953125,7669.44580078125,7614.76806640625,7614.76806640625,229532300,0.0,0.0
2025-07-29 00:00:00+07:00,7625.79296875,7680.19482421875,7565.7880859375,7617.9072265625,230535000,0.0,0.0
2025-07-30 00:00:00+07:00,7642.25,7667.55615234375,7528.12890625,7549.88818359375,282476700,0.0,0.0
2025-07-31 00:00:00+07:00,7551.244140625,7566.751953125,7476.380859375,7484.3369140625,325693000,0.0,0.0
2025-08-01 00:00:00+07:00,7545.15185546875,7579.60595703125,7523.6201171875,7537.76806640625,257331800,0.0,0.0
2025-08-04 00:00:00+07:00,7552.49609375,7560.05615234375,7448.0400390625,7464.64501953125,266636100,0.0,0.0
2025-08-05 00:00:00+07:00,7502.69482421875,7546.93994140625,7463.05810546875,7515.18505859375,246898000,0.0,0.0
2025-08-06 00:00:00+07:00,7534.44677734375,7549.26513671875,7502.01123046875,7503.75,260371600,0.0,0.0
2025-08-07 00:00:00+07:00,7546.3359375,7580.5498046875,7490.18310546875,7490.18310546875,278225900,0.0,0.0
2025-08-08 00:00:00+07:00,7639.19287109375,7648.90283203125,7516.97705078125,7533.384765625,234779100,0.0,0.0
2025-08-11 00:00:00+07:00,7589.4638671875,7630.10693359375,7559.34716796875,7605.9248046875,238319300,0.0,0.0
2025-08-12 00:00:00+07:00,7666.08984375,7800.8310546875,7646.9111328125,7791.69677734375,272446300,0.0,0.0
2025-08-13 00:00:00+07:00,7846.1240234375,7903.05322265625,7835.3017578125,7892.9111328125,323979600,0.0,0.0
2025-08-14 00:00:00+07:00,7909.01611328125,7973.98095703125,7905.5478515625,7931.2509765625,361821900,0.0,0.0
2025-08-15 00:00:00+07:00,7967.77294921875,8017.06787109375,7898.373046875,7898.375,346947400,0.0,0.0
2025-08-19 00:00:00+07:00,7905.34521484375,7931.7587890625,7854.09521484375,7862.94921875,358268400,0.0,0.0
2025-08-20 00:00:00+07:00,7874.89599609375,7952.341796875,7863.86181640625,7943.8251953125,374993100,0.0,0.0
2025-08-21 00:00:00+07:00,7903.2900390625,7932.30517578125,7848.8828125,7890.71484375,341447000,0.0,0.0
2025-08-22 00:00:00+07:00,7910.09912109375,7913.38720703125,7858.85107421875,7858.85107421875,320227000,0.0,0.0
2025-08-25 00:00:00+07:00,7921.02099609375,7951.97802734375,7915.05419921875,7926.9072265625,376267300,0.0,0.0
2025-08-26 00:00:00+07:00,7971.787109375,7978.06689453125,7881.208984375,7905.7568359375,504946100,0.0,0.0
2025-08-27 00:00:00+07:00,7923.0029296875,7945.44482421875,7894.7587890625,7936.17578125,357580800,0.0,0.0
2025-08-28 00:00:00+07:00,7951.865234375,8022.7578125,7941.93896484375,7952.087890625,399326600,0.0,0.0
2025-08-29 00:00:00+07:00,7899.88720703125,7913.85986328125,7765.59619140625,7830.4931640625,481348100,0.0,0.0
2025-09-01 00:00:00+07:00,7620.09912109375,7783.41796875,7547.56396484375,7736.06591796875,358661000,0.0,0.0
2025-09-02 00:00:00+07:00,7771.333984375,7842.298828125,7771.333984375,7801.5849609375,347812700,0.0,0.0
2025-09-03 00:00:00+07:00,7843.6318359375,7911.6181640625,7840.7509765625,7885.86279296875,351685500,0.0,0.0
2025-09-04 00:00:00+07:00,7873.8427734375,7899.7958984375,7855.7421875,7867.34814453125,362349800,0.0,0.0
2025-09-08 00:00:00+07:00,7929.06298828125,7934.9912109375,7766.84912109375,7766.84912109375,336787200,0.0,0.0
2025-09-09 00:00:00+07:00,7748.51220703125,7791.333984375,7619.716796875,7628.60498046875,335416000,0.0,0.0
2025-09-10 00:00:00+07:00,7682.421875,7726.376953125,7661.27978515625,7699.0068359375,263174400,0.0,0.0
2025-09-11 00:00:00+07:00,7781.1708984375,7819.09814453125,7742.59912109375,7747.90478515625,289797900,0.0,0.0
2025-09-12 00:00:00+07:00,7819.001953125,7854.81201171875,7790.7939453125,7854.06005859375,289619100,0.0,0.0
2025-09-15 00:00:00+07:00,7891.26416015625,7937.1181640625,7889.18896484375,7937.1181640625,345056100,0.0,0.0
2025-09-16 00:00:00+07:00,7979.31982421875,7985.576171875,7899.66796875,7957.69580078125,401395800,0.0,0.0
2025-09-17 00:00:00+07:00,7964.423828125,8025.17919921875,7940.51318359375,8025.17919921875,323654400,0.0,0.0
2025-09-18 00:00:00+07:00,8065.7431640625,8068.0087890625,7993.51708984375,8008.43310546875,378167700,0.0,0.0
2025-09-19 00:00:00+07:00,7996.19580078125,8051.1181640625,7983.35693359375,8051.1181640625,423577900,0.0,0.0
2025-09-22 00:00:00+07:00,8082.2587890625,8087.92919921875,8005.34912109375,8040.0390625,345468800,0.0,0.0
2025-09-23 00:00:00+07:00,8066.294921875,8125.201171875,8039.94677734375,8125.201171875,518663700,0.0,0.0
2025-09-24 00:00:00+07:00,8161.2841796875,8169.01708984375,8077.83984375,8126.55810546875,454412900,0.0,0.0
2025-09-25 00:00:00+07:00,8130.02197265625,8146.08984375,8022.97900390625,8040.6650390625,483927800,0.0,0.0
2025-09-26 00:00:00+07:00,8051.76220703125,8099.3330078125,8034.998046875,8099.3330078125,351966900,0.0,0.0
2025-09-29 00:00:00+07:00,8139.5791015625,8157.330078125,8100.01708984375,8123.2451171875,439450000,0.0,0.0
2025-09-30 00:00:00+07:00,8137.634765625,8150.341796875,8042.8232421875,8061.06201171875,461651600,0.0,0.0
2025-10-01 00:00:00+07:00,8069.93701171875,8093.69384765625,8034.25,8043.82177734375,536747800,0.0,0.0
2025-10-02 00:00:00+07:00,8070.4248046875,8109.43603515625,8059.048828125,8071.0810546875,402266500,0.0,0.0
2025-10-03 00:00:00+07:00,8099.64501953125,8118.30078125,8076.59716796875,8118.30078125,428024700,0.0,0.0
2025-10-06 00:00:00+07:00,8155.365234375,8176.30810546875,8104.5517578125,8139.89404296875,429540400,0.0,0.0
2025-10-07 00:00:00+07:00,8182.65576171875,8217.0458984375,8153.712890625,8169.28076171875,426851900,0.0,0.0
2025-10-08 00:00:00+07:00,8201.140625,8224.64453125,8044.93310546875,8166.02880859375,355267800,0.0,0.0
2025-10-09 00:00:00+07:00,8187.7001953125,8272.6318359375,8159.94482421875,8250.9384765625,347199100,0.0,0.0
2025-10-10 00:00:00+07:00,8259.0751953125,8270.33203125,8194.046875,8257.859375,366345900,0.0,0.0
2025-10-13 00:00:00+07:00,8169.64892578125,8288.279296875,8133.626953125,8227.2021484375,366939200,0.0,0.0
2025-10-14 00:00:00+07:00,8269.48046875,8284.91015625,7974.02978515625,8066.52197265625,440487100,0.0,0.0
2025-10-15 00:00:00+07:00,8107.298828125,8132.52197265625,7936.37109375,8051.1748046875,329138800,0.0,0.0
2025-10-16 00:00:00+07:00,8064.67919921875,8148.044921875,8030.77685546875,8124.7568359375,246641300,0.0,0.0
2025-10-17 00:00:00+07:00,8132.7470703125,8140.59716796875,7854.30712890625,7915.65576171875,353739000,0.0,0.0
2025-10-20 00:00:00+07:00,7988.4482421875,8117.26904296875,7937.384765625,8088.97802734375,307599100,0.0,0.0
2025-10-21 00:00:00+07:00,8165.69189453125,8238.083984375,8161.19384765625,8238.083984375,281761500,0.0,0.0
2025-10-22 00:00:00+07:00,8235.69921875,8261.84375,8141.98583984375,8152.55322265625,275367500,0.0,0.0
2025-10-23 00:00:00+07:00,8179.8837890625,8292.8876953125,8179.61279296875,8274.3515625,281648700,0.0,0.0
2025-10-24 00:00:00+07:00,8294.8916015625,8351.05859375,8271.7216796875,8271.7216796875,238196400,0.0,0.0
2025-10-27 00:00:00+07:00,8322.216796875,8354.6728515625,7959.1689453125,8117.15087890625,359000200,0.0,0.0
2025-10-28 00:00:00+07:00,8144.4248046875,8151.3349609375,8039.85107421875,8092.62890625,282866700,0.0,0.0
2025-10-29 00:00:00+07:00,8107.3759765625,8169.13916015625,8042.6298828125,8166.22412109375,248336300,0.0,0.0
2025-10-30 00:00:00+07:00,8176.36083984375,8231.8828125,8145.60400390625,8184.06396484375,326703000,0.0,0.0
2025-10-31 00:00:00+07:00,8202.5234375,8215.5458984375,8144.0771484375,8163.875,245393300,0.0,0.0
2025-11-03 00:00:00+07:00,8208.0302734375,8282.16015625,8201.3642578125,8275.083984375,338112200,0.0,0.0
2025-11-04 00:00:00+07:00,8275.953125,8317.076171875,8225.9111328125,8241.9111328125,254611100,0.0,0.0
2025-11-05 00:00:00+07:00,8213.6005859375,8318.5263671875,8181.90380859375,8318.5263671875,333837700,0.0,0.0
2025-11-06 00:00:00+07:00,8354.6796875,8362.916015625,8289.890625,8337.0576171875,229181000,0.0,0.0
2025-11-07 00:00:00+07:00,8346.5771484375,8398.7646484375,8332.6005859375,8394.58984375,227520700,0.0,0.0
2025-11-10 00:00:00+07:00,8443.3203125,8478.1484375,8391.240234375,8391.240234375,415934000,0.0,0.0
2025-11-11 00:00:00+07:00,8437.958984375,8443.6865234375,8338.396484375,8366.5146484375,677885600,0.0,0.0
2025-11-12 00:00:00+07:00,8392.2802734375,8428.9482421875,8377.4970703125,8388.56640625,491096300,0.0,0.0
2025-11-13 00:00:00+07:00,8412.826171875,8418.1630859375,8354.8359375,8371.9990234375,534184900,0.0,0.0
2025-11-14 00:00:00+07:00,8378.12890625,8417.134765625,8360.9365234375,8370.435546875,422843300,0.0,0.0
2025-11-17 00:00:00+07:00,8397.8359375,8452.3291015625,8391.9951171875,8416.8818359375,382110500,0.0,0.0
2025-11-18 00:00:00+07:00,8427.3984375,8442.865234375,8341.9033203125,8361.92578125,374837900,0.0,0.0
2025-11-19 00:00:00+07:00,8384.3623046875,8426.6328125,8375.5751953125,8406.5771484375,394548300,0.0,0.0
2025-11-20 00:00:00+07:00,8449.5419921875,8491.427734375,8419.9169921875,8419.9169921875,319147400,0.0,0.0
2025-11-21 00:00:00+07:00,8403.9013671875,8432.6025390625,8361.271484375,8414.3515625,288992600,0.0,0.0
2025-11-24 00:00:00+07:00,8458.29296875,8570.25390625,8429.4638671875,8570.25390625,471629100,0.0,0.0
2025-11-25 00:00:00+07:00,8570.845703125,8574.384765625,8487.220703125,8521.884765625,414092000,0.0,0.0
2025-11-26 00:00:00+07:00,8533.8857421875,8602.1298828125,8503.146484375,8602.1298828125,498634000,0.0,0.0
2025-11-27 00:00:00+07:00,8611.328125,8622.267578125,8521.49609375,8545.865234375,463624300,0.0,0.0
2025-11-28 00:00:00+07:00,8555.65625,8572.359375,8495.205078125,8508.7060546875,386357400,0.0,0.0
2025-12-01 00:00:00+07:00,8541.5390625,8553.6162109375,8493.2451171875,8548.7880859375,433587600,0.0,0.0
2025-12-02 00:00:00+07:00,8577.6064453125,8625.6357421875,8564.6953125,8617.04296875,405114200,0.0,0.0
2025-12-03 00:00:00+07:00,8655.017578125,8669.1865234375,8591.806640625,8611.787109375,432093300,0.0,0.0
2025-12-04 00:00:00+07:00,8646.646484375,8650.296875,8606.9033203125,8640.1962890625,447262700,0.0,0.0
2025-12-05 00:00:00+07:00,8658.8896484375,8689.0986328125,8617.0380859375,8632.7607421875,421538600,0.0,0.0
2025-12-08 00:00:00+07:00,8676.7265625,8720.0908203125,8642.0615234375,8710.6953125,525913600,0.0,0.0
2025-12-09 00:00:00+07:00,8743.208984375,8749.2626953125,8626.845703125,8657.1787109375,498676700,0.0,0.0
2025-12-10 00:00:00+07:00,8713.7109375,8720.880859375,8668.6064453125,8700.923828125,623753400,0.0,0.0
2025-12-11 00:00:00+07:00,8764.0908203125,8776.9697265625,8560.10546875,8620.4814453125,667238000,0.0,0.0
2025-12-12 00:00:00+07:00,8651.765625,8680.041015625,8585.421875,8660.4990234375,457344900,0.0,0.0
2025-12-15 00:00:00+07:00,8705.2392578125,8720.6826171875,8622.9853515625,8649.662109375,553538600,0.0,0.0
2025-12-16 00:00:00+07:00,8696.6962890625,8700.861328125,8611.3466796875,8686.46875,431043000,0.0,0.0
2025-12-17 00:00:00+07:00,8708.3271484375,8729.4658203125,8660.748046875,8677.3447265625,341969700,0.0,0.0
2025-12-18 00:00:00+07:00,8705.1376953125,8730.708984375,8618.1953125,8618.1953125,328562900,0.0,0.0
2025-12-19 00:00:00+07:00,8657.2421875,8671.767578125,8562.8876953125,8609.55078125,307160800,0.0,0.0
2025-12-22 00:00:00+07:00,8629.24609375,8648.794921875,8609.388671875,8645.84375,374939200,0.0,0.0
2025-12-23 00:00:00+07:00,8656.6533203125,8667.7333984375,8566.9951171875,8584.7822265625,329812800,0.0,0.0
2025-12-24 00:00:00+07:00,8597.3876953125,8611.3330078125,8525.1005859375,8537.9111328125,280698800,0.0,0.0
2025-12-29 00:00:00+07:00,8545.7216796875,8652.1826171875,8545.7216796875,8644.255859375,334277800,0.0,0.0
2025-12-30 00:00:00+07:00,8627.400390625,8663.66796875,8584.865234375,8646.9384765625,308173000,0.0,0.0
2026-01-02 00:00:00+07:00,8676.7412109375,8748.1318359375,8664.974609375,8748.1318359375,471863900,0.0,0.0
2026-01-05 00:00:00+07:00,8778.732421875,8859.19140625,8732.3193359375,8859.19140625,665735100,0.0,0.0
2026-01-06 00:00:00+07:00,8890.720703125,8940.109375,8839.01171875,8933.609375,630432800,0.0,0.0
2026-01-07 00:00:00+07:00,8959.0908203125,8970.869140625,8916.029296875,8944.8134765625,655409500,0.0,0.0
2026-01-08 00:00:00+07:00,8946.7001953125,9002.919921875,8918.4052734375,8925.470703125,489316100,0.0,0.0
2026-01-09 00:00:00+07:00,8969.1513671875,8981.021484375,8908.1728515625,8936.75390625,499545200,0.0,0.0
2026-01-12 00:00:00+07:00,8991.759765625,9000.966796875,8715.4111328125,8884.72265625,697907000,0.0,0.0
2026-01-13 00:00:00+07:00,8931.2421875,8956.7265625,8841.017578125,8948.302734375,538438100,0.0,0.0
2026-01-14 00:00:00+07:00,9007.052734375,9049.2978515625,8979.6015625,9032.583984375,580700100,0.0,0.0
2026-01-15 00:00:00+07:00,9072.2958984375,9100.8251953125,9040.998046875,9075.40625,446899000,0.0,0.0
2026-01-19 00:00:00+07:00,9098.7021484375,9133.873046875,9025.998046875,9133.873046875,541550600,0.0,0.0
2026-01-20 00:00:00+07:00,9156.189453125,9174.4736328125,9120.154296875,9134.7001953125,606446200,0.0,0.0
2026-01-21 00:00:00+07:00,9094.4306640625,9105.2314453125,8977.6806640625,9010.330078125,553244200,0.0,0.0
2026-01-22 00:00:00+07:00,9052.16796875,9109.7099609375,8992.1337890625,8992.1826171875,661020800,0.0,0.0
2026-01-23 00:00:00+07:00,9031.494140625,9039.666015625,8837.828125,8951.009765625,587299800,0.0,0.0
2026-01-26 00:00:00+07:00,8967.7275390625,9058.0458984375,8923.52734375,8975.333984375,491763600,0.0,0.0
2026-01-27 00:00:00+07:00,8974.5654296875,8980.23046875,8873.4765625,8980.23046875,536008400,0.0,0.0
2026-01-28 00:00:00+07:00,8393.513671875,8596.171875,8187.73486328125,8320.5556640625,557055000,0.0,0.0
2026-01-29 00:00:00+07:00,8027.828125,8296.94140625,7481.98779296875,8232.203125,906233100,0.0,0.0
2026-01-30 00:00:00+07:00,8308.724609375,8408.2998046875,8167.15576171875,8329.6064453125,478640200,0.0,0.0
2026-02-02 00:00:00+07:00,8306.1630859375,8313.0576171875,7820.22509765625,7922.73095703125,444961400,0.0,0.0
2026-02-03 00:00:00+07:00,7888.77099609375,8122.59716796875,7712.34814453125,8122.59716796875,545340400,0.0,0.0
2026-02-04 00:00:00+07:00,8121.033203125,8194.68359375,8050.39599609375,8146.716796875,404556000,0.0,0.0
2026-02-05 00:00:00+07:00,8154.60400390625,8214.4609375,8102.7861328125,8103.87890625,323626200,0.0,0.0
2026-02-06 00:00:00+07:00,7945.0400390625,8025.14013671875,7861.68505859375,7935.259765625,312234100,0.0,0.0
2026-02-09 00:00:00+07:00,7970.02197265625,8031.8740234375,7863.005859375,8031.8740234375,310222600,0.0,0.0
2026-02-10 00:00:00+07:00,8031.58203125,8140.86181640625,8011.1298828125,8131.73779296875,374472200,0.0,0.0
2026-02-11 00:00:00+07:00,8152.78515625,8290.9658203125,8118.1630859375,8290.9658203125,545693700,0.0,0.0
2026-02-12 00:00:00+07:00,8317.240234375,8334.0224609375,8220.150390625,8265.3515625,379401500,0.0,0.0
2026-02-13 00:00:00+07:00,8240.005859375,8251.9892578125,8170.5869140625,8212.271484375,434442400,0.0,0.0
2026-02-18 00:00:00+07:00,8235.80859375,8310.2265625,8227.4521484375,8310.2265625,459026600,0.0,0.0
2026-02-19 00:00:00+07:00,8357.4453125,8376.19921875,8251.8115234375,8274.0810546875,435377400,0.0,0.0
2026-02-20 00:00:00+07:00,8300.2216796875,8328.4208984375,8236.7529296875,8271.7666015625,400251500,0.0,0.0
2026-02-23 00:00:00+07:00,8334.54296875,8397.0654296875,8327.5693359375,8396.08203125,443116900,0.0,0.0
2026-02-24 00:00:00+07:00,8428.0498046875,8437.0888671875,8259.4775390625,8280.8330078125,509728100,0.0,0.0
2026-02-25 00:00:00+07:00,8318.14453125,8373.4833984375,8259.7470703125,8322.228515625,441816300,0.0,0.0
2026-02-26 00:00:00+07:00,8351.3623046875,8358.95703125,8139.82421875,8235.26171875,450264700,0.0,0.0
2026-02-27 00:00:00+07:00,8211.3046875,8246.9541015625,8093.7490234375,8235.4853515625,441200100,0.0,0.0
2026-03-02 00:00:00+07:00,8092.90478515625,8133.69189453125,8016.8330078125,8016.8330078125,527702300,0.0,0.0
2026-03-03 00:00:00+07:00,8059.8681640625,8098.39208984375,7932.52001953125,7939.76708984375,396162400,0.0,0.0
2026-03-04 00:00:00+07:00,7896.376953125,7897.81201171875,7486.32080078125,7577.06396484375,485472100,0.0,0.0
2026-03-05 00:00:00+07:00,7695.34716796875,7765.61279296875,7678.533203125,7710.537109375,303915000,0.0,0.0
2026-03-06 00:00:00+07:00,7699.47314453125,7700.31787109375,7500.0849609375,7585.68701171875,291110400,0.0,0.0
2026-03-09 00:00:00+07:00,7374.31103515625,7403.73291015625,7156.68310546875,7337.369140625,406185700,0.0,0.0
2026-03-10 00:00:00+07:00,7443.0458984375,7499.82421875,7372.8232421875,7440.9130859375,309617900,0.0,0.0
2026-03-11 00:00:00+07:00,7484.77392578125,7527.31884765625,7380.80810546875,7389.39892578125,253162500,0.0,0.0
2026-03-12 00:00:00+07:00,7398.85302734375,7436.4970703125,7323.7421875,7362.1171875,234355700,0.0,0.0
2026-03-13 00:00:00+07:00,7338.82421875,7350.27978515625,7132.2109375,7137.2119140625,256288700,0.0,0.0
2026-03-16 00:00:00+07:00,7115.451171875,7120.18505859375,6917.32177734375,7022.2880859375,264167600,0.0,0.0
2026-03-17 00:00:00+07:00,7074.61083984375,7148.2509765625,7059.89013671875,7106.8388671875,226881800,0.0,0.0
2026-03-25 00:00:00+07:00,7084.6220703125,7302.12109375,7057.22314453125,7302.12109375,346637800,0.0,0.0
2026-03-26 00:00:00+07:00,7313.6650390625,7323.7021484375,7152.591796875,7164.0908203125,257658000,0.0,0.0
2026-03-27 00:00:00+07:00,7136.3662109375,7154.55810546875,7070.2119140625,7097.05712890625,171896900,0.0,0.0
2026-03-30 00:00:00+07:00,7020.5322265625,7104.64208984375,6945.501953125,7091.669921875,221811800,0.0,0.0
2026-03-31 00:00:00+07:00,7122.9921875,7155.5478515625,7031.10498046875,7048.22216796875,231095700,0.0,0.0
2026-04-01 00:00:00+07:00,7149.2529296875,7207.166015625,7136.2490234375,7184.43798828125,295360000,0.0,0.0
2026-04-02 00:00:00+07:00,7153.11376953125,7161.796875,7019.23388671875,7026.7822265625,225269500,0.0,0.0
2026-04-06 00:00:00+07:00,7001.56005859375,7009.22998046875,6934.88916015625,6989.42578125,252607400,0.0,0.0
2026-04-07 00:00:00+07:00,7001.27783203125,7022.041015625,6942.626953125,6971.02685546875,225664500,0.0,0.0
2026-04-08 00:00:00+07:00,7162.40576171875,7281.86279296875,7118.5810546875,7279.208984375,380025400,0.0,0.0
2026-04-09 00:00:00+07:00,7238.4619140625,7308.578125,7191.5859375,7307.5888671875,258635500,0.0,0.0
2026-04-10 00:00:00+07:00,7346.494140625,7488.01708984375,7346.494140625,7458.49609375,355891700,0.0,0.0
2026-04-13 00:00:00+07:00,7410.0849609375,7527.873046875,7351.36083984375,7500.18701171875,373963700,0.0,0.0
2026-04-14 00:00:00+07:00,7598.7958984375,7686.35498046875,7592.744140625,7675.951171875,487814900,0.0,0.0
2026-04-15 00:00:00+07:00,7750.89599609375,7773.578125,7623.5859375,7623.5859375,463335700,0.0,0.0
2026-04-16 00:00:00+07:00,7663.3408203125,7705.02978515625,7575.52685546875,7621.3818359375,364955200,0.0,0.0
2026-04-17 00:00:00+07:00,7645.80517578125,7673.85693359375,7607.9609375,7634.00390625,359890300,0.0,0.0
2026-04-20 00:00:00+07:00,7663.39501953125,7692.14501953125,7570.4248046875,7594.11083984375,375256000,0.0,0.0
2026-04-21 00:00:00+07:00,7560.28515625,7568.98876953125,7511.828125,7559.3798828125,405582600,0.0,0.0
2026-04-22 00:00:00+07:00,7528.3427734375,7578.05078125,7513.93896484375,7541.61181640625,459264700,0.0,0.0
2026-04-23 00:00:00+07:00,7564.41796875,7582.501953125,7378.60595703125,7378.60595703125,503505300,0.0,0.0
2026-04-24 00:00:00+07:00,7378.07177734375,7383.39990234375,7115.97119140625,7129.490234375,415830600,0.0,0.0
2026-04-27 00:00:00+07:00,7158.5068359375,7230.0322265625,7106.52001953125,7106.52001953125,292563300,0.0,0.0
2026-04-28 00:00:00+07:00,7128.4658203125,7151.505859375,7032.98388671875,7072.39208984375,272860900,0.0,0.0
2026-04-29 00:00:00+07:00,7096.60888671875,7126.06298828125,7063.9921875,7101.22607421875,398389400,0.0,0.0
2026-04-30 00:00:00+07:00,7103.255859375,7109.00390625,6876.576171875,6956.80419921875,451512600,0.0,0.0
2026-05-04 00:00:00+07:00,6988.916015625,7069.69482421875,6946.05615234375,6971.953125,553310400,0.0,0.0
2026-05-05 00:00:00+07:00,6968.56591796875,7069.20703125,6921.60888671875,7057.10595703125,364949700,0.0,0.0
2026-05-06 00:00:00+07:00,7086.33984375,7127.72119140625,7049.919921875,7092.466796875,338543400,0.0,0.0
2026-05-07 00:00:00+07:00,7160.7890625,7207.0751953125,7107.1748046875,7174.32080078125,327636900,0.0,0.0
2026-05-08 00:00:00+07:00,7182.9609375,7186.830078125,6969.39599609375,6969.39599609375,393674100,0.0,0.0
2026-05-11 00:00:00+07:00,6959.94287109375,7001.67919921875,6846.6318359375,6905.6201171875,353618500,0.0,0.0
2026-05-12 00:00:00+07:00,6946.84521484375,6977.2861328125,6762.8779296875,6858.89892578125,291969900,0.0,0.0
2026-05-13 00:00:00+07:00,6763.94482421875,6787.34521484375,6705.43310546875,6723.31982421875,263137300,0.0,0.0
2026-05-18 00:00:00+07:00,6628.97607421875,6631.2822265625,6398.7861328125,6599.240234375,280639000,0.0,0.0
2026-05-19 00:00:00+07:00,6599.212890625,6635.126953125,6323.26416015625,6370.67919921875,409331400,0.0,0.0
2026-05-20 00:00:00+07:00,6352.2021484375,6459.55615234375,6215.56201171875,6318.5,369455900,0.0,0.0
2026-05-21 00:00:00+07:00,6366.48486328125,6378.81103515625,6080.9541015625,6094.94091796875,318636000,0.0,0.0
2026-05-22 00:00:00+07:00,6065.6259765625,6171.966796875,5966.85986328125,6162.044921875,313365000,0.0,0.0
2026-05-25 00:00:00+07:00,6187.65478515625,6239.59423828125,6124.578125,6206.34912109375,240896500,0.0,0.0
2026-05-26 00:00:00+07:00,6201.80419921875,6286.8720703125,6124.7939453125,6130.18994140625,210088300,0.0,0.0
2026-05-29 00:00:00+07:00,6112.77001953125,6230.5,6111.97119140625,6127.380859375,391356100,0.0,0.0
2026-06-02 00:00:00+07:00,6210.00390625,6264.26123046875,6143.625,6195.4267578125,253584400,0.0,0.0
2026-06-03 00:00:00+07:00,6207.10205078125,6213.80078125,5841.99609375,5941.06591796875,344582700,0.0,0.0
2026-06-04 00:00:00+07:00,5919.56494140625,5924.5078125,5644.23388671875,5839.78515625,325839700,0.0,0.0
2026-06-05 00:00:00+07:00,5846.4912109375,5860.6708984375,5594.11083984375,5594.76513671875,242414700,0.0,0.0
2026-06-08 00:00:00+07:00,5486.31103515625,5523.94189453125,5317.908203125,5342.13720703125,259538800,0.0,0.0
2026-06-09 00:00:00+07:00,5344.68798828125,5746.64794921875,5318.14501953125,5746.64794921875,353501300,0.0,0.0
2026-06-10 00:00:00+07:00,5744.05908203125,5942.94287109375,5677.96484375,5902.3759765625,401184200,0.0,0.0
2026-06-11 00:00:00+07:00,5899.26513671875,6010.48779296875,5784.505859375,5886.0322265625,241605500,0.0,0.0
2026-06-12 00:00:00+07:00,5960.4150390625,6074.07177734375,5952.85205078125,6007.65576171875,324098600,0.0,0.0
2026-06-15 00:00:00+07:00,6118.72509765625,6345.798828125,6118.076171875,6254.9658203125,471692100,0.0,0.0
2026-06-17 00:00:00+07:00,6321.9609375,6377.18994140625,6179.666015625,6220.740234375,274699900,0.0,0.0
2026-06-18 00:00:00+07:00,6191.89111328125,6197.1708984375,6073.72412109375,6172.33984375,215751200,0.0,0.0
2026-06-19 00:00:00+07:00,6161.4560546875,6215.06298828125,6117.30908203125,6177.13916015625,266832600,0.0,0.0
2026-06-22 00:00:00+07:00,6217.048828125,6226.716796875,6052.93701171875,6116.68994140625,180410600,0.0,0.0
2026-06-23 00:00:00+07:00,6096.4990234375,6121.77490234375,5993.037109375,6101.3330078125,198230600,0.0,0.0
2026-06-24 00:00:00+07:00,6128.27099609375,6171.3798828125,5876.93408203125,5883.880859375,228307800,0.0,0.0
2026-06-25 00:00:00+07:00,5873.06982421875,6056.2001953125,5864.00390625,5999.0380859375,187930400,0.0,0.0
2026-06-26 00:00:00+07:00,6010.3388671875,6045.2578125,5830.14404296875,5896.1337890625,171995200,0.0,0.0
2026-06-29 00:00:00+07:00,5932.02880859375,5942.77197265625,5800.2890625,5820.7900390625,117823200,0.0,0.0
2026-06-30 00:00:00+07:00,5801.4541015625,5811.6689453125,5638.57421875,5643.19384765625,177538200,0.0,0.0
2026-07-01 00:00:00+07:00,5640.61083984375,5737.73583984375,5607.451171875,5695.1162109375,157577500,0.0,0.0
2026-07-02 00:00:00+07:00,5709.841796875,5806.71484375,5704.4990234375,5744.55615234375,172862900,0.0,0.0
2026-07-03 00:00:00+07:00,5806.1669921875,5899.3017578125,5805.921875,5875.77978515625,158006000,0.0,0.0
2026-07-06 00:00:00+07:00,5893.28076171875,5935.68310546875,5857.35009765625,5916.06982421875,176040400,0.0,0.0
2026-07-07 00:00:00+07:00,5933.57421875,5987.01123046875,5890.44091796875,5986.4970703125,197234200,0.0,0.0
2026-07-08 00:00:00+07:00,5984.18212890625,5984.47314453125,5872.01611328125,5873.3720703125,186818300,0.0,0.0
2026-07-09 00:00:00+07:00,5865.76806640625,5912.44189453125,5839.6689453125,5912.44189453125,220556700,0.0,0.0
2026-07-10 00:00:00+07:00,5936.037109375,5949.9912109375,5887.8349609375,5924.35986328125,142216700,0.0,0.0
2026-07-13 00:00:00+07:00,5934.71923828125,6037.841796875,5898.14697265625,6037.841796875,224210800,0.0,0.0
2026-07-14 00:00:00+07:00,6057.76123046875,6095.01611328125,6002.90087890625,6039.52099609375,252906400,0.0,0.0
2026-07-15 00:00:00+07:00,6068.0322265625,6081.22802734375,6007.1728515625,6041.97216796875,187169500,0.0,0.0
2026-07-16 00:00:00+07:00,6056.74609375,6108.208984375,6024.35400390625,6108.208984375,235078700,0.0,0.0
2026-07-17 00:00:00+07:00,6112.841796875,6192.658203125,6079.31787109375,6175.53515625,205704000,0.0,0.0
2026-07-20 00:00:00+07:00,6197.47607421875,6249.90283203125,6191.0419921875,6231.77978515625,282256800,0.0,0.0
2026-07-21 00:00:00+07:00,6273.57080078125,6340.02001953125,6247.35302734375,6340.02001953125,441307800,0.0,0.0
2026-07-22 00:00:00+07:00,6366.01220703125,6394.68603515625,6284.8818359375,6334.47607421875,422793200,0.0,0.0
2026-07-23 00:00:00+07:00,6346.6162109375,6454.30908203125,6306.64599609375,6315.31103515625,570639300,0.0,0.0
2026-07-24 00:00:00+07:00,6266.97509765625,6268.5341796875,6159.14501953125,6196.43017578125,330175800,0.0,0.0
2026-07-27 00:00:00+07:00,6185.798828125,6219.41796875,6144.27392578125,6185.783203125,241884600,0.0,0.0
2026-07-28 00:00:00+07:00,6175.1982421875,6199.43994140625,6130.587890625,6130.587890625,198014300,0.0,0.0
2026-07-29 00:00:00+07:00,6141.162109375,6174.4130859375,6029.32421875,6091.38623046875,288519700,0.0,0.0
2026-07-30 00:00:00+07:00,6110.283203125,6186.36279296875,6106.5458984375,6186.36279296875,231176100,0.0,0.0
2026-07-31 00:00:00+07:00,6219.623046875,6236.615234375,6201.89404296875,6236.1259765625,274629600,0.0,0.0
2026-08-03 00:00:00+07:00,6272.6171875,6273.326171875,6212.55078125,6234.4970703125,347512800,0.0,0.0
2026-08-04 00:00:00+07:00,6254.77978515625,6319.61279296875,6238.39892578125,6319.61279296875,291916500,0.0,0.0
2026-08-05 00:00:00+07:00,6338.5908203125,6367.82080078125,6316.10302734375,6351.13916015625,350837500,0.0,0.0
2026-08-06 00:00:00+07:00,6379.91796875,6388.2041015625,6324.06103515625,6343.7109375,506076700,0.0,0.0
2026-08-07 00:00:00+07:00,6352.3759765625,6409.65380859375,6347.42919921875,6409.65380859375,335303800,0.0,0.0
2026-08-10 00:00:00+07:00,6440.59716796875,6462.73779296875,6362.7578125,6365.3740234375,395862600,0.0,0.0
2026-08-11 00:00:00+07:00,6383.81005859375,6388.5810546875,6230.09716796875,6267.8798828125,324921400,0.0,0.0
2026-08-12 00:00:00+07:00,6277.76318359375,6373.84912109375,6272.30322265625,6373.84912109375,294722600,0.0,0.0
2026-08-13 00:00:00+07:00,6388.23388671875,6390.3291015625,6281.57177734375,6301.76513671875,236598700,0.0,0.0
2026-08-14 00:00:00+07:00,6296.5927734375,6401.88818359375,6267.4072265625,6401.88818359375,226720200,0.0,0.0
2026-08-18 00:00:00+07:00,6448.828125,6490.64892578125,6448.26416015625,6449.830078125,288255000,0.0,0.0
2026-08-19 00:00:00+07:00,6408.1767578125,6490.9130859375,6373.81005859375,6394.125,295308900,0.0,0.0
2026-08-20 00:00:00+07:00,6447.25,6514.67822265625,6444.39501953125,6501.5849609375,349455200,0.0,0.0
2026-08-21 00:00:00+07:00,6524.0751953125,6551.95703125,6507.43408203125,6525.68994140625,378269100,0.0,0.0
2026-08-24 00:00:00+07:00,6544.001953125,6551.0029296875,6474.57177734375,6501.6669921875,296534200,0.0,0.0
2026-08-26 00:00:00+07:00,6507.14208984375,6532.1708984375,6405.68505859375,6405.68505859375,329574600,0.0,0.0
2026-08-27 00:00:00+07:00,6390.35302734375,6521.75,6376.65380859375,6521.75,0,0.0,0.0
